<?xml version="1.0" encoding="utf-8"?>
<window id="1110" type="dialog">
	<defaultcontrol always="true">100</defaultcontrol>
	<include>AnimationDialogPopupWindow</include>
	<onunload>ClearProperty(CustomSelect,home)</onunload>
	<controls>
		<control type="group">
			<visible>!Window.IsActive(DialogSelect.xml)</visible>
			<include>AnimationDialogPopupVisible</include>
			<include content="DialogBackground">
				<param name="width" value="1220"/>
				<param name="height" value="760"/>
				<param name="label">$INFO[Window(home).Property(CustomSelect)]</param>
			</include>
			<control type="list" id="100">
				<left>20</left>
				<top>90</top>
				<width>858</width>
				<height>600</height>
				<onleft>60</onleft>
				<onright>8000</onright>
				<pagecontrol>60</pagecontrol>
				<include content="DialogList2Default">
					<param name="id">100</param>
				</include>
				<content>
					<!-- FanArt -->
					<include condition="String.IsEqual(Window(home).Property(CustomSelect),$LOCALIZE[31310])">SelectFanartRotationSpeed</include>
					<!-- Now playing -->
					<include condition="String.IsEqual(Window(home).Property(CustomSelect),$LOCALIZE[31315])">SelectMusicOSDBackground</include>
					<include condition="String.IsEqual(Window(home).Property(CustomSelect),$LOCALIZE[31030])">SelectNowPlayingMusicBackground</include>
					<!-- Disc art -->
					<include condition="String.IsEqual(Window(home).Property(CustomSelect),$LOCALIZE[31361])">SelectNowPlayingMusicDiscartFallback</include>
					<include condition="String.IsEqual(Window(home).Property(CustomSelect),$LOCALIZE[31362])">SelectNowPlayingVideoDiscartFallback</include>
					<include condition="String.IsEqual(Window(home).Property(CustomSelect),$LOCALIZE[31009])">SelectLibraryMusicDiscartFallback</include>
					<include condition="String.IsEqual(Window(home).Property(CustomSelect),$LOCALIZE[31299])">SelectLibraryVideoDiscartFallback</include>
					<!-- Favourites -->
					<include condition="String.IsEqual(Window(home).Property(CustomSelect),$LOCALIZE[31292])">SelectCustomFavourites</include>
					<include condition="String.IsEqual(Window(home).Property(CustomSelect),$LOCALIZE[31294])">SelectCustomFavouriteAddons</include>
					<!-- Theme -->
					<include condition="String.IsEqual(Window(home).Property(CustomSelect),$LOCALIZE[15111])">SelectCustomTheme</include>
					<include condition="String.IsEqual(Window(home).Property(CustomSelect),$LOCALIZE[31145])">SelectBackgroundEffect</include>
					<include condition="String.IsEqual(Window(home).Property(CustomSelect),$LOCALIZE[31357])">SelectThemePanelTexture</include>
					<include condition="String.IsEqual(Window(home).Property(CustomSelect),$LOCALIZE[31358])">SelectThemeBackgroundTexture</include>
					<include condition="String.IsEqual(Window(home).Property(CustomSelect),$LOCALIZE[31359])">SelectThemeMainMenuTexture</include>
					<!-- Dim background -->
					<include condition="String.IsEqual(Window(home).Property(CustomSelect),$LOCALIZE[31380])">SelectDimMusicOSD</include>
				</content>
			</control>
			<control type="image">
				<right>338</right>
				<include>DialogVerticalSeparator</include>
			</control>
			<control type="grouplist" id="8000">
				<right>50</right>
				<top>100</top>
				<width>281</width>
				<onleft>100</onleft>
				<include content="DialogButtonAction">
					<param name="id">8001</param>
					<param name="label" value="$LOCALIZE[15067]"/>
					<param name="onclick" value="Action(close)"/>
				</include>
			</control>
			<include content="DialogImage">
				<param name="visible">String.IsEqual(Window(home).Property(CustomSelect),$LOCALIZE[31357])</param>
				<param name="height">280</param>
				<param name="aspect">center</param>
				<param name="texture">$INFO[Container(100).ListItem.Icon]</param>
				<param name="color">$VAR[PanelTextureColorVar]</param>
			</include>
			<include content="DialogImage">
				<param name="visible">String.IsEqual(Window(home).Property(CustomSelect),$LOCALIZE[31358])</param>
				<param name="height">280</param>
				<param name="aspect">center</param>
				<param name="texture">$INFO[Container(100).ListItem.Icon]</param>
				<param name="color">$VAR[BackgroundTextureColorVar]</param>
			</include>
			<include content="DialogImage">
				<param name="visible">String.IsEqual(Window(home).Property(CustomSelect),$LOCALIZE[31359])</param>
				<param name="height">280</param>
				<param name="bottom">62</param>
				<param name="aspect">center</param>
				<param name="texture">$INFO[Container(100).ListItem.Icon]</param>
				<param name="color">$VAR[MainMenuTextureColorVar]</param>
			</include>
			<include content="DialogImage">
				<param name="visible">String.IsEqual(Window(home).Property(CustomSelect),$LOCALIZE[31009]) | String.IsEqual(Window(home).Property(CustomSelect),$LOCALIZE[31299]) | String.IsEqual(Window(home).Property(CustomSelect),$LOCALIZE[31361]) | String.IsEqual(Window(home).Property(CustomSelect),$LOCALIZE[31362])</param>
				<param name="height">280</param>
				<param name="aspect">keep</param>
				<param name="texture">$INFO[Container(100).ListItem.Icon]</param>
			</include>
			<control type="image">
				<include>DialogHorizontalSeparator</include>
			</control>
			<control type="label">
				<include>DialogItemCountLabel</include>
				<label>$INFO[Container(100).NumItems,, $LOCALIZE[31001]]$INFO[Container(100).CurrentPage, - ]$INFO[Container(100).NumPages,/]</label>
			</control>
			<control type="scrollbar" id="60">
				<onright>100</onright>
				<include>DialogScrollBar</include>
			</control>
		</control>
	</controls>
</window>