<?xml version="1.0" encoding="UTF-8"?>
<window>
	<defaultcontrol always="true">13</defaultcontrol>
	<include>AnimationDialogPopupWindow</include>
	<controls>
		<control type="group">
			<include content="DialogBackground">
				<param name="width" value="1625"/>
				<param name="height" value="760"/>
				<param name="label">$VAR[PVRChannelMgrLabelVar,, ]$LOCALIZE[19048]</param>
			</include>
			<!-- Channel groups -->
			<control type="group">
				<top>90</top>
				<left>20</left>
				<width>360</width>
				<control type="label">
					<description>name label</description>
					<include>DialogLabel</include>
					<label>$LOCALIZE[19146]</label>
				</control>
				<control type="list" id="13">
					<top>70</top>
					<height>600</height>
					<onright>11</onright>
					<include content="DialogListDefault">
						<param name="id" value="13"/>
					</include>
				</control>
			</control>
			<control type="image">
				<left>380</left>
				<include>DialogVerticalSeparator</include>
			</control>
			<!-- Hidden Channels -->
			<include content="GroupManagerList">
				<param name="left" value="382"/>
				<param name="labelid" value="21"/>
				<param name="listid" value="11"/>
				<param name="scrollid" value="60"/>
				<param name="onright" value="12"/>
				<param name="onleft" value="13"/>
			</include>
			<!-- Visible channels -->
			<include content="GroupManagerList">
				<param name="left" value="833"/>
				<param name="labelid" value="22"/>
				<param name="listid" value="12"/>
				<param name="scrollid" value="61"/>
				<param name="onright" value="8000"/>
				<param name="onleft" value="60"/>
			</include>
			<!-- Buttons -->
			<control type="grouplist" id="8000">
				<right>50</right>
				<top>100</top>
				<width>280</width>
				<onleft>61</onleft>
				<include content="DialogButtonAction">
					<param name="id">26</param>
					<param name="label">$LOCALIZE[15019]</param>
				</include>
				<include content="DialogButtonAction">
					<param name="id">27</param>
					<param name="label">$LOCALIZE[118]</param>
				</include>
				<include content="DialogRadioButtonAction">
					<param name="id">25</param>
					<param name="label">$LOCALIZE[19022]</param>
				</include>
				<include content="DialogButtonAction">
					<param name="id">28</param>
					<param name="label">$LOCALIZE[117]</param>
				</include>
				<include content="DialogToggleButtonAction">
					<param name="id">34</param>
					<param name="label">$LOCALIZE[19021]</param>
					<param name="altlabel">$LOCALIZE[19020]</param>
					<param name="usealt">!String.IsEmpty(Window.Property(IsRadio))</param>
				</include>
				<include content="DialogButtonAction">
					<param name="id">29</param>
					<param name="label">$LOCALIZE[186]</param>
				</include>
			</control>
			<!-- Bottom info -->
			<control type="image">
				<include>DialogHorizontalSeparator</include>
			</control>
			<control type="label">
				<visible>Integer.IsGreater(Container(11).NumItems,0)</visible>
				<left>60</left>
				<align>left</align>
				<include>DialogItemCountLabel</include>
				<label>$INFO[Container(11).CurrentItem,$LOCALIZE[19022] ]$INFO[Container(11).NumItems,/]</label>
			</control>
			<control type="label">
				<include>DialogItemCountLabel</include>
				<label>$INFO[Container(12).CurrentItem,$LOCALIZE[19218] ]$INFO[Container(12).NumItems,/]</label>
			</control>
		</control>
	</controls>
</window>