<?xml version="1.0" encoding="utf-8"?>
<window>
	<defaultcontrol>9000</defaultcontrol>
	<onload>SetFocus(9000,0)</onload>
	<onload condition="System.HasAddon(script.embuary.info) + Skin.HasSetting(BlurEnabled)">RunScript(script.embuary.helper,action=blurimg,file=$ESCINFO[ListItem.Art(thumb)],prop=blurthumb,radius=2)</onload>
	<controls>
		<include content="DialogInfoCommon">
			<param name="blur">Skin.HasSetting(MusicBlurEnabled)</param>
			<param name="art">$INFO[ListItem.Icon]</param>
		</include>
		<!-- Content -->
		<control type="group">
			<include>AnimationInfoDialog</include>
			<include>DialogMusicInfo</include>
		</control>
	</controls>
</window>