<?xml version="1.0" encoding="UTF-8"?>
<window>
	<defaultcontrol always="true">3</defaultcontrol>
	<include condition="![Window.IsActive(gamestretchmode) | Window.IsActive(gamevideofilter) | Window.IsActive(gamevideorotation)]">AnimationDialogPopupWindow</include>
	<controls>
		<include condition="![Window.IsActive(gamestretchmode) | Window.IsActive(gamevideofilter) | Window.IsActive(gamevideorotation)]">DialogSelect</include>
		<include condition="Window.IsActive(gamevideofilter)">DialogSelectGameFilter</include>
		<include condition="Window.IsActive(gamestretchmode)">DialogSelectGameView</include>
		<include condition="Window.IsActive(gamevideorotation)">DialogSelectGameView</include>
	</controls>
</window>