<?xml version="1.0" encoding="UTF-8"?>
<window>
	<controls>
		<control type="group">
			<width>1920</width>
			<height>442</height>
			<include content="AnimationSlideTopWindow">
				<param name="slide">322</param>
			</include>
			<!-- Background -->
			<control type="group">
				<visible>!VideoPlayer.Content(livetv)</visible>
				<include content="PanelWide">
					<param name="top">0</param>
					<param name="toptexture">0</param>
					<param name="topshadow">307</param>
					<param name="height">327</param>
					<param name="heighttexture">307</param>
					<param name="flipy">true</param>
				</include>
			</control>
			<control type="group">
				<visible>VideoPlayer.Content(livetv)</visible>
				<include content="PanelWide">
					<param name="top">0</param>
					<param name="toptexture">0</param>
					<param name="topshadow">424</param>
					<param name="height">453</param>
					<param name="heighttexture">424</param>
					<param name="flipy">true</param>
				</include>
			</control>
			<!-- Video -->
			<control type="grouplist">
				<top>17</top>
				<left>25</left>
				<width>607</width>
				<height>600</height>
				<control type="label">
					<label>$LOCALIZE[291]</label>
					<font>Font26_Bold_Caps</font>
					<textcolor>$VAR[PanelHighlightColorVar]</textcolor>
					<include>VideoOSDProcessInfo</include>
				</control>
				<control type="label">
					<visible>Player.Proces(videohwdecoder)</visible>
					<label>[COLOR $VAR[PanelTextColorVar]]$LOCALIZE[31075]  [/COLOR]$LOCALIZE[13281]</label>
					<include>VideoOSDProcessInfo</include>
				</control>
				<control type="label">
					<visible>!Player.Proces(videohwdecoder)</visible>
					<label>[COLOR $VAR[PanelTextColorVar]]$LOCALIZE[31075]  [/COLOR]$LOCALIZE[13419]</label>
					<include>VideoOSDProcessInfo</include>
				</control>
				<control type="label">
					<label>[COLOR $VAR[PanelTextColorVar]]$LOCALIZE[31073]  [/COLOR]$INFO[Player.Process(videodecoder)]</label>
					<include>VideoOSDProcessInfo</include>
				</control>
				<control type="label">
					<label>[COLOR $VAR[PanelTextColorVar]]$LOCALIZE[31074]  [/COLOR]$INFO[Player.Process(pixformat)]</label>
					<include>VideoOSDProcessInfo</include>
				</control>
				<control type="label">
					<label>[COLOR $VAR[PanelTextColorVar]]$LOCALIZE[16038]  [/COLOR]$INFO[Player.Process(deintmethod)]</label>
					<include>VideoOSDProcessInfo</include>
				</control>
				<control type="label">
					<label>[COLOR $VAR[PanelTextColorVar]]$LOCALIZE[38031]  [/COLOR]$INFO[Player.Process(videowidth),,x]$INFO[Player.Process(videoheight),, px]$INFO[Player.Process(videodar),$COMMA AR ]</label>
					<include>VideoOSDProcessInfo</include>
				</control>
				<control type="label">
					<label>[COLOR $VAR[PanelTextColorVar]]FPS  [/COLOR]$INFO[Player.Process(videofps)]</label>
					<include>VideoOSDProcessInfo</include>
				</control>
			</control>
			<!-- Audio -->
			<control type="grouplist">
				<top>17</top>
				<left>656</left>
				<width>608</width>
				<height>600</height>
				<animation effect="slide" end="-631,273" condition="VideoPlayer.Content(livetv)">Conditional</animation>
				<control type="label">
					<label>$LOCALIZE[292]</label>
					<font>Font26_Bold_Caps</font>
					<textcolor>$VAR[PanelHighlightColorVar]</textcolor>
					<include>VideoOSDProcessInfo</include>
				</control>
				<control type="label">
					<label>[COLOR $VAR[PanelTextColorVar]]$LOCALIZE[14301]  [/COLOR]$INFO[Player.Process(audiochannels)]</label>
					<include>VideoOSDProcessInfo</include>
				</control>
				<control type="label">
					<label>[COLOR $VAR[PanelTextColorVar]]$LOCALIZE[460]  [/COLOR]$INFO[Player.Process(audiodecoder)]$INFO[Player.Process(audiobitspersample),$COMMA , bits]$INFO[Player.Process(audiosamplerate),$COMMA , Hz]</label>
					<include>VideoOSDProcessInfo</include>
				</control>
			</control>
			<!-- PVR -->
			<control type="grouplist">
				<top>17</top>
				<left>656</left>
				<width>608</width>
				<height>600</height>
				<visible>VideoPlayer.Content(livetv)</visible>
				<control type="label">
					<label>$LOCALIZE[19005]</label>
					<font>Font26_Bold_Caps</font>
					<textcolor>$VAR[PanelHighlightColorVar]</textcolor>
					<include>VideoOSDProcessInfo</include>
				</control>
				<control type="label">
					<label>[COLOR $VAR[PanelTextColorVar]]$LOCALIZE[19012]  [/COLOR]$INFO[PVR.ActStreamClient]</label>
					<include>VideoOSDProcessInfo</include>
				</control>
				<control type="label">
					<label>[COLOR $VAR[PanelTextColorVar]]$LOCALIZE[19006]  [/COLOR]$INFO[PVR.ActStreamDevice]</label>
					<include>VideoOSDProcessInfo</include>
				</control>
				<control type="label">
					<label>[COLOR $VAR[PanelTextColorVar]]$LOCALIZE[19007]  [/COLOR]$INFO[PVR.ActStreamStatus]</label>
					<include>VideoOSDProcessInfo</include>
				</control>
				<control type="label">
					<label>[COLOR $VAR[PanelTextColorVar]]$LOCALIZE[19010]  [/COLOR]$INFO[PVR.ActStreamBER]</label>
					<include>VideoOSDProcessInfo</include>
				</control>
				<control type="label">
					<label>[COLOR $VAR[PanelTextColorVar]]$LOCALIZE[19011]  [/COLOR]$INFO[PVR.ActStreamUNC]</label>
					<include>VideoOSDProcessInfo</include>
				</control>
				<control type="label">
					<label>[COLOR $VAR[PanelTextColorVar]]$LOCALIZE[19099]  [/COLOR]$INFO[PVR.ActStreamServiceName]</label>
					<include>VideoOSDProcessInfo</include>
				</control>
				<control type="label">
					<label>[COLOR $VAR[PanelTextColorVar]]$LOCALIZE[19015]  [/COLOR]$INFO[PVR.ActStreamEncryptionName]</label>
					<include>VideoOSDProcessInfo</include>
				</control>
				<control type="label">
					<label>[COLOR $VAR[PanelTextColorVar]]$LOCALIZE[19101]  [/COLOR]$INFO[PVR.ActStreamProviderName]</label>
					<include>VideoOSDProcessInfo</include>
				</control>
				<control type="label">
					<label>[COLOR $VAR[PanelTextColorVar]]$LOCALIZE[19100]  [/COLOR]$INFO[PVR.ActStreamMux]</label>
					<include>VideoOSDProcessInfo</include>
				</control>
			</control>
			<!--  System -->
			<control type="grouplist">
				<top>17</top>
				<right>25</right>
				<width>607</width>
				<height>600</height>
				<usecontrolcoords>true</usecontrolcoords>
				<control type="label">
					<label>$LOCALIZE[13000]</label>
					<font>Font26_Bold_Caps</font>
					<textcolor>$VAR[PanelHighlightColorVar]</textcolor>
					<include>VideoOSDProcessInfo</include>
				</control>
				<control type="label">
					<label>[COLOR $VAR[PanelTextColorVar]]$LOCALIZE[31022] [/COLOR]$INFO[System.CpuUsage]</label>
					<include>VideoOSDProcessInfo</include>
				</control>
				<control type="label">
					<height>7</height>
				</control>
				<control type="progress">
					<info>System.CpuUsage</info>
				</control>
				<control type="label">
					<height>12</height>
				</control>
				<control type="label">
					<label>[COLOR $VAR[PanelTextColorVar]]$LOCALIZE[31023] [/COLOR]$INFO[System.Memory(used.percent)]</label>
					<include>VideoOSDProcessInfo</include>
				</control>
				<control type="label">
					<height>7</height>
				</control>
				<control type="progress">
					<info>System.Memory(used)</info>
				</control>
			</control>
			<!--  Signal -->
			<control type="grouplist">
				<visible>VideoPlayer.Content(livetv)</visible>
				<top>216</top>
				<right>25</right>
				<width>607</width>
				<height>600</height>
				<usecontrolcoords>true</usecontrolcoords>
				<control type="label">
					<label>$LOCALIZE[31077]</label>
					<font>Font26_Bold_Caps</font>
					<textcolor>$VAR[PanelHighlightColorVar]</textcolor>
					<include>VideoOSDProcessInfo</include>
				</control>
				<control type="label">
					<label>$INFO[PVR.ActStreamSignal,$LOCALIZE[19008] ]</label>
					<include>VideoOSDProcessInfo</include>
				</control>
				<control type="label">
					<height>7</height>
				</control>
				<control type="progress">
					<info>PVR.ActStreamProgrSignal</info>
				</control>
				<control type="label">
					<height>12</height>
				</control>
				<control type="label">
					<label>$INFO[PVR.ActStreamSNR,$LOCALIZE[19009] ]</label>
					<include>VideoOSDProcessInfo</include>
				</control>
				<control type="label">
					<height>7</height>
				</control>
				<control type="progress">
					<info>PVR.ActStreamProgrSNR</info>
				</control>
			</control>
		</control>
	</controls>
</window>