<?xml version="1.0" encoding="utf-8"?>
<window>
	<defaultcontrol always="true">120</defaultcontrol>
	<include>AnimationDialogPopupWindow</include>
	<controls>
		<control type="group">
			<include content="DialogBackground">
				<param name="width" value="1684"/>
				<param name="height" value="760"/>
				<param name="label" value="$LOCALIZE[24012]"/>
				<param name="diffusetexture">diffuse/rounded10-1643x750.png</param>
			</include>
			<control type="label" id="130">
				<top>19</top>
				<left>60</left>
				<right>60</right>
				<height>70</height>
				<align>right</align>
				<font>Font33_Bold</font>
				<label>$LOCALIZE[31104]</label>
				<textcolor>$VAR[PanelSubTextColorVar]</textcolor>
			</control>
			<!-- Left -->
			<control type="list" id="150">
				<left>20</left>
				<top>90</top>
				<width>360</width>
				<height>600</height>
				<onright>120</onright>
				<include content="DialogListDefault">
					<param name="id" value="150"/>
				</include>
			</control>
			<control type="image">
				<left>380</left>
				<include>DialogVerticalSeparator</include>
			</control>
			<!-- Middle -->
			<control type="list" id="120">
				<top>90</top>
				<left>382</left>
				<width>960</width>
				<height>600</height>
				<onleft>150</onleft>
				<onright>60</onright>
				<pagecontrol>60</pagecontrol>
				<include>ContainerScrollTime</include>
				<itemlayout height="120">
					<control type="image">
						<texture border="30" colordiffuse="$VAR[PanelListSeparatorColorVar]">buttons/list-select-nofocus.png</texture>
					</control>
					<control type="image">
						<animation effect="slide" end="0,15" time="0" condition="!ListItem.Property(hearing_imp) + !ListItem.Property(sync)">Conditional</animation>
						<top>15</top>
						<left>40</left>
						<width>33</width>
						<height>33</height>
						<aspectratio align="left">keep</aspectratio>
						<texture>$INFO[ListItem.Art(thumb),resource://resource.images.languageflags.rounded/,.png]</texture>
					</control>
					<control type="image">
						<visible>ListItem.Property(hearing_imp)</visible>
						<top>59</top>
						<left>40</left>
						<width>35</width>
						<height>20</height>
						<aspectratio>keep</aspectratio>
						<texture colordiffuse="$VAR[PanelSubTextColorVar]">flags/subtitles/cc.png</texture>
					</control>
					<control type="image">
						<visible>ListItem.Property(sync)</visible>
						<animation effect="slide" end="-40" time="0" condition="!ListItem.Property(hearing_imp)">Conditional</animation>
						<top>59</top>
						<left>80</left>
						<width>56</width>
						<height>20</height>
						<aspectratio align="left">keep</aspectratio>
						<texture colordiffuse="$VAR[PanelSubTextColorVar]">flags/subtitles/sync.png</texture>
					</control>
					<control type="image">
						<animation effect="slide" end="0,-15" time="0" condition="!ListItem.Property(hearing_imp) + !ListItem.Property(sync)">Conditional</animation>
						<top>77</top>
						<left>40</left>
						<width>110</width>
						<height>45</height>
						<texture fallback="flags/ratingstars/empty.png" colordiffuse="$VAR[PanelSubTextColorVar]">$INFO[ListItem.ActualIcon,flags/ratingstars/rating,.png]</texture>
						<aspectratio>keep</aspectratio>
					</control>
					<control type="textbox">
						<top>14</top>
						<left>167</left>
						<right>40</right>
						<height>100</height>
						<align>left</align>
						<aligny>center</aligny>
						<font>Font29_Cond_08</font>
						<textcolor>$VAR[PanelSubTextColorVar]</textcolor>
						<autoscroll>false</autoscroll>
						<label>$INFO[ListItem.Label2]</label>
					</control>
				</itemlayout>
				<focusedlayout height="120">
					<control type="image">
						<texture border="10" colordiffuse="$VAR[PanelHighlightColorVar]">buttons/list-select-focus.png</texture>
						<animation effect="fade" start="100" end="30" time="40" condition="!Control.HasFocus(120)">Conditional</animation>
					</control>
					<control type="image">
						<animation effect="slide" end="0,15" time="0" condition="!ListItem.Property(hearing_imp) + !ListItem.Property(sync)">Conditional</animation>
						<top>15</top>
						<left>40</left>
						<width>33</width>
						<height>33</height>
						<aspectratio align="left">keep</aspectratio>
						<texture>$INFO[ListItem.Art(thumb),resource://resource.images.languageflags.rounded/,.png]</texture>
					</control>
					<control type="image">
						<visible>ListItem.Property(hearing_imp)</visible>
						<top>59</top>
						<left>40</left>
						<width>35</width>
						<height>20</height>
						<aspectratio>keep</aspectratio>
						<texture colordiffuse="$VAR[PanelFocusTextColorVar]">flags/subtitles/cc.png</texture>
					</control>
					<control type="image">
						<visible>ListItem.Property(sync)</visible>
						<animation effect="slide" end="-40" time="0" condition="!ListItem.Property(hearing_imp)">Conditional</animation>
						<top>59</top>
						<left>80</left>
						<width>56</width>
						<height>20</height>
						<aspectratio align="left">keep</aspectratio>
						<texture colordiffuse="$VAR[PanelFocusTextColorVar]">flags/subtitles/sync.png</texture>
					</control>
					<control type="image">
						<animation effect="slide" end="0,-15" time="0" condition="!ListItem.Property(hearing_imp) + !ListItem.Property(sync)">Conditional</animation>
						<top>77</top>
						<left>40</left>
						<width>110</width>
						<height>45</height>
						<texture fallback="flags/ratingstars/empty.png" colordiffuse="$VAR[PanelFocusTextColorVar]">$INFO[ListItem.ActualIcon,flags/ratingstars/rating,.png]</texture>
						<aspectratio>keep</aspectratio>
					</control>
					<control type="textbox">
						<top>14</top>
						<left>167</left>
						<right>40</right>
						<height>100</height>
						<align>left</align>
						<aligny>center</aligny>
						<font>Font29_Cond_08</font>
						<textcolor>$VAR[PanelFocusTextColorVar]</textcolor>
						<autoscroll delay="1000" time="1500" repeat="1">true</autoscroll>
						<label>$INFO[ListItem.Label2]</label>
					</control>
				</focusedlayout>
			</control>
			<control type="image">
				<right>338</right>
				<include>DialogVerticalSeparator</include>
			</control>
			<control type="grouplist" id="8000">
				<right>50</right>
				<top>100</top>
				<width>281</width>
				<onleft>60</onleft>
				<include content="DialogButtonAction">
					<param name="id">160</param>
					<param name="label">$LOCALIZE[137]</param>
				</include>
				<include content="DialogButtonAction">
					<param name="id">8001</param>
					<param name="label">$LOCALIZE[21452]</param>
					<param name="onclick">Dialog.Close(all,true)</param>
					<param name="onclick2">ActivateWindow(addonbrowser,addons://all/xbmc.subtitle.module,return)</param>
				</include>
				<include content="DialogButtonAction">
					<param name="id">8002</param>
					<param name="label">$LOCALIZE[15067]</param>
					<param name="onclick">Action(close)</param>
				</include>
			</control>
			<include content="DialogImage">
				<param name="id">110</param>
			</include>
			<control type="image">
				<include>DialogHorizontalSeparator</include>
			</control>
			<control type="label">
				<visible>String.Contains(Control.GetLabel(140),searching) | String.Contains(Control.GetLabel(140),no subtitles found)</visible>
				<left>380</left>
				<right>341</right>
				<top>88</top>
				<bottom>80</bottom>
				<align>center</align>
				<label>$INFO[Control.GetLabel(140)]</label>
				<textcolor>$VAR[PanelTextColorVar]</textcolor>
			</control>
			<control type="label" id="140">
				<visible>!String.Contains(Control.GetLabel(140),searching) + !String.Contains(Control.GetLabel(140),no subtitles found)</visible>
				<include>DialogItemCountLabel</include>
			</control>
			<control type="label">
				<left>60</left>
				<align>left</align>
				<width>1100</width>
				<include>DialogItemCountLabel</include>
				<label>$INFO[Player.Filename]</label>
			</control>
			<control type="scrollbar" id="60">
				<right>321</right>
				<onleft>120</onleft>
				<onright>8000</onright>
				<include>DialogScrollBar</include>
			</control>
		</control>
	</controls>
</window>