<?xml version="1.0" encoding="utf-8"?>
<window>
	<defaultcontrol always="true">9000</defaultcontrol>
	<include>AnimationDialogPopupWindow</include>
	<controls>
		<control type="group">
			<include content="DialogAddonInfo">
				<param name="iconfallback">DefaultAddon.png</param>
				<param name="label">$INFO[ListItem.Title]</param>
				<param name="label2">$INFO[ListItem.Genre]</param>
				<param name="textbox">$INFO[ListItem.Plot]</param>
				<param name="infocontent">PVRInfoContent</param>
			</include>
			<!-- Buttons -->
			<control type="list" id="9000">
				<top>393</top>
				<left>40</left>
				<right>40</right>
				<height>80</height>
				<onup condition="Container(9000).Hasfocus(105)">SetFocus(50)</onup>
				<include>InfoDialogButtons</include>
				<content>
					<item id="101">
						<description>Switch</description>
						<visible>Window.IsActive(PVRGuideInfo) + Control.IsVisible(5)</visible>
						<label></label>
						<label2>$LOCALIZE[19165]</label2>
						<onclick>SendClick(5)</onclick>
					</item>
					<item id="103">
						<description>Play Recording</description>
						<visible>[Window.IsActive(PVRGuideInfo) | Window.IsActive(PVRRecordingInfo)] + Control.IsVisible(8)</visible>
						<label></label>
						<label2>$LOCALIZE[19687]</label2>
						<onclick>SendClick(8)</onclick>
					</item>
					<item id="104">
						<description>Record</description>
						<visible>Window.IsActive(PVRGuideInfo) + Control.IsVisible(6)</visible>
						<label></label>
						<label2>$LOCALIZE[264]</label2>
						<onclick>SendClick(6)</onclick>
					</item>
					<item id="105">
						<description>Timer</description>
						<visible>Window.IsActive(PVRGuideInfo) + Control.IsVisible(9)</visible>
						<label></label>
						<label2>$LOCALIZE[19061]</label2>
						<onclick>SendClick(9)</onclick>
					</item>
					<item id="106">
						<description>Similar</description>
						<visible>Window.IsActive(PVRGuideInfo) + Control.IsVisible(4)</visible>
						<label></label>
						<label2>$LOCALIZE[19003]</label2>
						<onclick>SendClick(4)</onclick>
					</item>
				</content>
			</control>
		</control>
		<!-- Hidden Controls -->
		<control type="button" id="4">
			<include>HiddenObject</include>
		</control>
		<control type="button" id="5">
			<include>HiddenObject</include>
		</control>
		<control type="button" id="6">
			<include>HiddenObject</include>
		</control>
		<control type="button" id="8">
			<include>HiddenObject</include>
		</control>
		<control type="button" id="9">
			<include>HiddenObject</include>
		</control>
	</controls>
</window>