<?xml version="1.0" encoding="UTF-8"?>
<includes>
	<!-- General -->
	<include name="DialogBackgroundFade">
		<control type="image">
			<visible>!Skin.HasSetting(DisableDialogBackground) + !Window.IsVisible(DialogSlider.xml)</visible>
			<left>-2000</left>
			<top>-2000</top>
			<width>6000</width>
			<height>6000</height>
			<include>AnimationWindowFade</include>
			<texture colordiffuse="FF000000">colors/white50.png</texture>
		</control>
	</include>
	<include name="DialogVerticalSeparator">
		<top>90</top>
		<bottom>71</bottom>
		<width>4</width>
		<texture colordiffuse="$VAR[PanelListSeparatorColorVar]">panels/line-vertical.png</texture>
	</include>
	<include name="DialogHorizontalSeparator">
		<bottom>70</bottom>
		<left>20</left>
		<right>20</right>
		<height>70</height>
		<texture border="30" colordiffuse="$VAR[PanelListSeparatorColorVar]">buttons/list-select-nofocus.png</texture>
	</include>
	<include name="DialogItemCountLabel">
		<bottom>21</bottom>
		<right>60</right>
		<width>460</width>
		<height>50</height>
		<align>right</align>
		<font>Font25_Cond</font>
		<textcolor>$VAR[PanelSubTextColorVar]</textcolor>
	</include>
	<include name="DialogImage">
		<param name="id"/>
		<param name="visible">true</param>
		<param name="height">358</param>
		<param name="bottom">82</param>
		<param name="aspect">keep</param>
		<param name="texture"/>
		<param name="color">ffffffff</param>
		<definition>
			<control type="image" id="$PARAM[id]">
				<visible>$PARAM[visible]</visible>
				<right>50</right>
				<width>280</width>
				<height>$PARAM[height]</height>
				<bottom>$PARAM[bottom]</bottom>
				<bordersize>10</bordersize>
				<fadetime>TextureFadeTime</fadetime>
				<colordiffuse>$PARAM[color]</colordiffuse>
				<texture diffuse="diffuse/rounded5-280x280.png">$PARAM[texture]</texture>
				<bordertexture border="10">thumbs/frame-rounded5.png</bordertexture>
				<aspectratio align="center" aligny="bottom" scalediffuse="true">$PARAM[aspect]</aspectratio>
			</control>
		</definition>
	</include>
	<!-- Buttons -->
	<include name="DialogScrollBar">
		<top>90</top>
		<bottom>70</bottom>
		<textureslidernib>buttons/scrollbar-nib-nofocus.png</textureslidernib>
		<textureslidernibfocus colordiffuse="$VAR[PanelHighlightColorVar]">buttons/scrollbar-nib-focus.png</textureslidernibfocus>
	</include>
	<include name="DialogLabel">
		<width>858</width>
		<height>75</height>
		<font>Font25_Bold</font>
		<textoffsetx>40</textoffsetx>
		<textcolor>$VAR[PanelHighlightColorVar]</textcolor>
		<disabledcolor>$VAR[PanelDisabledTextColorVar]</disabledcolor>
	</include>
	<include name="DialogButton">
		<width>858</width>
		<height>75</height>
		<textoffsetx>40</textoffsetx>
		<textcolor>$VAR[PanelSubTextColorVar]</textcolor>
		<focusedcolor>$VAR[PanelFocusTextColorVar]</focusedcolor>
		<disabledcolor>$VAR[PanelDisabledTextColorVar]</disabledcolor>
		<texturefocus border="10" colordiffuse="$VAR[PanelHighlightColorVar]">buttons/list-select-focus.png</texturefocus>
		<texturenofocus border="30" colordiffuse="$VAR[PanelListSeparatorColorVar]">buttons/list-select-nofocus.png</texturenofocus>
	</include>
	<include name="DialogSpinControl">
		<width>858</width>
		<height>75</height>
		<textoffsetx>40</textoffsetx>
		<textcolor>$VAR[PanelSubTextColorVar]</textcolor>
		<focusedcolor>$VAR[PanelFocusTextColorVar]</focusedcolor>
		<disabledcolor>$VAR[PanelDisabledTextColorVar]</disabledcolor>
		<textureup>buttons/spin-up-nofocus.png</textureup>
		<texturedown>buttons/spin-down-nofocus.png</texturedown>
		<textureupfocus>buttons/spin-up-focus.png</textureupfocus>
		<texturedownfocus>buttons/spin-down-focus.png</texturedownfocus>
		<texturefocus border="10" colordiffuse="$VAR[PanelHighlightColorVar]">buttons/list-select-focus.png</texturefocus>
		<texturenofocus border="30" colordiffuse="$VAR[PanelListSeparatorColorVar]">buttons/list-select-nofocus.png</texturenofocus>
	</include>
	<include name="DialogSlider">
		<width>858</width>
		<height>75</height>
		<textoffsetx>40</textoffsetx>
		<textcolor>$VAR[PanelSubTextColorVar]</textcolor>
		<focusedcolor>$VAR[PanelFocusTextColorVar]</focusedcolor>
		<disabledcolor>$VAR[PanelDisabledTextColorVar]</disabledcolor>
		<textureslidernib>buttons/slider-nofocus.png</textureslidernib>
		<textureslidernibfocus>buttons/slider-focus.png</textureslidernibfocus>
		<texturefocus border="10" colordiffuse="$VAR[PanelHighlightColorVar]">buttons/list-select-focus.png</texturefocus>
		<texturenofocus border="30" colordiffuse="$VAR[PanelListSeparatorColorVar]">buttons/list-select-nofocus.png</texturenofocus>
	</include>
	<include name="DialogRadioButton">
		<width>858</width>
		<height>75</height>
		<textoffsetx>40</textoffsetx>
		<textwidth>700</textwidth>
		<radioposx>750</radioposx>
		<textcolor>$VAR[PanelSubTextColorVar]</textcolor>
		<focusedcolor>$VAR[PanelFocusTextColorVar]</focusedcolor>
		<disabledcolor>$VAR[PanelDisabledTextColorVar]</disabledcolor>
		<textureradioon>buttons/radiobutton-on.png</textureradioon>
		<textureradiooff>buttons/radiobutton-off.png</textureradiooff>
		<texturefocus border="10" colordiffuse="$VAR[PanelHighlightColorVar]">buttons/list-select-focus.png</texturefocus>
		<texturenofocus border="30" colordiffuse="$VAR[PanelListSeparatorColorVar]">buttons/list-select-nofocus.png</texturenofocus>
	</include>
	<include name="DialogKeyboardButton">
		<width>80</width>
		<height>80</height>
		<align>center</align>
		<textoffsetx>10</textoffsetx>
		<textcolor>$VAR[PanelSubTextColorVar]</textcolor>
		<focusedcolor>$VAR[PanelFocusTextColorVar]</focusedcolor>
		<disabledcolor>$VAR[PanelDisabledTextColorVar]</disabledcolor>
		<texturefocus colordiffuse="$VAR[PanelHighlightColorVar]" border="20">buttons/button.png</texturefocus>
		<texturenofocus colordiffuse="$VAR[PanelSubTextColorVar]" border="20">buttons/button.png</texturenofocus>
	</include>
	<include name="DialogKeyboardToggleButton">
		<width>210</width>
		<height>80</height>
		<align>center</align>
		<textoffsetx>10</textoffsetx>
		<textcolor>$VAR[PanelSubTextColorVar]</textcolor>
		<focusedcolor>$VAR[PanelFocusTextColorVar]</focusedcolor>
		<disabledcolor>$VAR[PanelDisabledTextColorVar]</disabledcolor>
		<texturefocus colordiffuse="$VAR[PanelHighlightColorVar]" border="20">buttons/button.png</texturefocus>
		<texturenofocus colordiffuse="$VAR[PanelSubTextColorVar]" border="20">buttons/button.png</texturenofocus>
		<alttexturefocus colordiffuse="$VAR[PanelHighlightColorVar]" border="20">buttons/button.png</alttexturefocus>
		<alttexturenofocus colordiffuse="$VAR[PanelSubTextColorVar]" border="20">buttons/button.png</alttexturenofocus>
	</include>
	<include name="DialogButtonContextMenu">
		<width>460</width>
		<height>60</height>
		<align>center</align>
		<textoffsetx>20</textoffsetx>
		<textcolor>$VAR[PanelSubTextColorVar]</textcolor>
		<focusedcolor>$VAR[PanelFocusTextColorVar]</focusedcolor>
		<disabledcolor>$VAR[PanelDisabledTextColorVar]</disabledcolor>
		<texturefocus border="10" colordiffuse="$VAR[PanelHighlightColorVar]">buttons/list-select-focus.png</texturefocus>
		<texturenofocus border="30" colordiffuse="$VAR[PanelListSeparatorColorVar]">buttons/list-select-nofocus.png</texturenofocus>
	</include>
	<include name="DialogButtonAction">
		<param name="id"/>
		<param name="label"/>
		<param name="onclick"/>
		<param name="onclick2"/>
		<param name="width">280</param>
		<param name="visible">true</param>
		<definition>
			<control type="button" id="$PARAM[id]">
				<width>$PARAM[width]</width>
				<height>80</height>
				<align>center</align>
				<textoffsetx>20</textoffsetx>
				<wrapmultiline>false</wrapmultiline>
				<textcolor>$VAR[PanelSubTextColorVar]</textcolor>
				<focusedcolor>$VAR[PanelFocusTextColorVar]</focusedcolor>
				<disabledcolor>$VAR[PanelDisabledTextColorVar]</disabledcolor>
				<texturefocus colordiffuse="$VAR[PanelHighlightColorVar]" border="20">buttons/button.png</texturefocus>
				<texturenofocus colordiffuse="$VAR[PanelSubTextColorVar]" border="20">buttons/button.png</texturenofocus>
				<label>$PARAM[label]</label>
				<onclick>$PARAM[onclick]</onclick>
				<onclick>$PARAM[onclick2]</onclick>
				<visible>$PARAM[visible]</visible>
			</control>
		</definition>
	</include>
	<include name="DialogToggleButtonAction">
		<param name="id"/>
		<param name="label"/>
		<param name="altlabel"/>
		<param name="usealt"/>
		<param name="onclick"/>
		<param name="width">280</param>
		<param name="visible">true</param>
		<definition>
			<control type="togglebutton" id="$PARAM[id]">
				<width>$PARAM[width]</width>
				<height>80</height>
				<align>center</align>
				<font>Font28_Reg</font>
				<textoffsetx>20</textoffsetx>
				<wrapmultiline>false</wrapmultiline>
				<textcolor>$VAR[PanelSubTextColorVar]</textcolor>
				<focusedcolor>$VAR[PanelFocusTextColorVar]</focusedcolor>
				<disabledcolor>$VAR[PanelDisabledTextColorVar]</disabledcolor>
				<texturefocus colordiffuse="$VAR[PanelHighlightColorVar]" border="20">buttons/button.png</texturefocus>
				<texturenofocus colordiffuse="$VAR[PanelSubTextColorVar]" border="20">buttons/button.png</texturenofocus>
				<alttexturefocus colordiffuse="$VAR[PanelHighlightColorVar]" border="20">buttons/button.png</alttexturefocus>
				<alttexturenofocus colordiffuse="$VAR[PanelSubTextColorVar]" border="20">buttons/button.png</alttexturenofocus>
				<label>$PARAM[label]</label>
				<altlabel>$PARAM[altlabel]</altlabel>
				<usealttexture>$PARAM[usealt]</usealttexture>
				<onclick>$PARAM[onclick]</onclick>
				<visible>$PARAM[visible]</visible>
			</control>
		</definition>
	</include>
	<include name="DialogRadioButtonAction">
		<param name="id"/>
		<param name="label"/>
		<param name="onclick"/>
		<param name="width">280</param>
		<param name="visible">true</param>
		<definition>
			<control type="radiobutton" id="$PARAM[id]">
				<width>$PARAM[width]</width>
				<height>80</height>
				<align>center</align>
				<textoffsetx>20</textoffsetx>
				<textcolor>$VAR[PanelSubTextColorVar]</textcolor>
				<focusedcolor>$VAR[PanelFocusTextColorVar]</focusedcolor>
				<texturefocus colordiffuse="$VAR[PanelHighlightColorVar]" border="20">buttons/button.png</texturefocus>
				<texturenofocus colordiffuse="$VAR[PanelSubTextColorVar]" border="20">buttons/button.png</texturenofocus>
				<textureradioonfocus colordiffuse="$VAR[PanelFocusTextColorVar]">icons/mediamenu/ok.png</textureradioonfocus>
				<textureradioofffocus colordiffuse="$VAR[PanelFocusTextColorVar]">icons/mediamenu/cancel.png</textureradioofffocus>
				<textureradioonnofocus colordiffuse="$VAR[PanelSubTextColorVar]">icons/mediamenu/ok.png</textureradioonnofocus>
				<textureradiooffnofocus colordiffuse="$VAR[PanelSubTextColorVar]">icons/mediamenu/cancel.png</textureradiooffnofocus>
				<label>$PARAM[label]</label>
				<onclick>$PARAM[onclick]</onclick>
				<visible>$PARAM[visible]</visible>
			</control>
		</definition>
	</include>
	<include name="DialogButtonOSD">
		<param name="texture"/>
		<definition>
			<width>120</width>
			<height>120</height>
			<radiowidth>120</radiowidth>
			<radioheight>120</radioheight>
			<radioposx>1</radioposx>
			<radioposy>1</radioposy>
			<texturefocus>$PARAM[texture]</texturefocus>
			<texturenofocus>$PARAM[texture]</texturenofocus>
			<textureradioonfocus colordiffuse="$VAR[PanelHighlightColorVar]">buttons/player/osd-focus.png</textureradioonfocus>
			<textureradioonnofocus/>
			<textureradioofffocus colordiffuse="$VAR[PanelHighlightColorVar]">buttons/player/osd-focus.png</textureradioofffocus>
			<textureradiooffnofocus/>
		</definition>
	</include>
	<!-- Background -->
	<include name="DialogBackground">
		<param name="width"/>
		<param name="height"/>
		<param name="id"/>
		<param name="label"/>
		<param name="align">left</param>
		<param name="diffusetexture">diffuse/rounded10-1180x750.png</param>
		<definition>
			<include>DialogBackgroundFade</include>
			<centertop>50%</centertop>
			<centerleft>50%</centerleft>
			<width>$PARAM[width]</width>
			<height>$PARAM[height]</height>
			<control type="image">
				<texture colordiffuse="$VAR[PanelShadowColorVar]" border="50">$VAR[DialogShadowVar]</texture>
			</control>
			<control type="image">
				<texture colordiffuse="$VAR[PanelStyleColorVar]" border="40">$VAR[DialogStyleVar]</texture>
			</control>
			<control type="image">
				<visible>!Skin.HasSetting(PanelSquare.texture)</visible>
				<top>20</top>
				<left>20</left>
				<right>20</right>
				<bottom>20</bottom>
				<aspectratio scalediffuse="false">scale</aspectratio>
				<texture diffuse="$PARAM[diffusetexture]" colordiffuse="$VAR[PanelTextureColorVar]">$INFO[Skin.String(PanelTexture.texture)]</texture>
			</control>
			<control type="image">
				<visible>Skin.HasSetting(PanelSquare.texture)</visible>
				<top>20</top>
				<left>20</left>
				<right>20</right>
				<bottom>20</bottom>
				<aspectratio scalediffuse="false">scale</aspectratio>
				<texture colordiffuse="$VAR[PanelTextureColorVar]">$INFO[Skin.String(PanelTexture.texture)]</texture>
			</control>
			<control type="image">
				<texture colordiffuse="$VAR[PanelEmbossColorVar]" border="40">$VAR[DialogEmbossVar]</texture>
			</control>
			<control type="label" id="$PARAM[id]">
				<top>19</top>
				<left>60</left>
				<right>60</right>
				<height>70</height>
				<font>Font33_Bold</font>
				<label>$PARAM[label]</label>
				<align>$PARAM[align]</align>
				<textcolor>$VAR[PanelHighlightColorVar]</textcolor>
			</control>
			<control type="image">
				<left>20</left>
				<right>20</right>
				<height>90</height>
				<texture border="30" colordiffuse="$VAR[PanelListSeparatorColorVar]">buttons/list-select-nofocus.png</texture>
			</control>
		</definition>
	</include>
	<include name="DialogContextMenuShadow">
		<param name="height"/>
		<param name="visible">true</param>
		<definition>
			<control type="image">
				<visible>$PARAM[visible]</visible>
				<width>500</width>
				<height>$PARAM[height]</height>
				<texture colordiffuse="$VAR[PanelShadowColorVar]" border="30">$VAR[DialogShadowVar]</texture>
			</control>
		</definition>
	</include>
	<include name="DialogContextMenuStyle">
		<param name="height"/>
		<param name="visible">true</param>
		<definition>
			<control type="image">
				<visible>$PARAM[visible]</visible>
				<width>500</width>
				<height>$PARAM[height]</height>
				<texture colordiffuse="$VAR[PanelStyleColorVar]" border="30">$VAR[DialogStyleVar]</texture>
			</control>
		</definition>
	</include>
	<include name="DialogContextMenuTexture">
		<param name="height"/>
		<param name="diffuse"/>
		<param name="visible">true</param>
		<definition>
			<control type="image">
				<visible>$PARAM[visible] + !Skin.HasSetting(PanelSquare.texture)</visible>
				<top>20</top>
				<left>20</left>
				<width>460</width>
				<height>$PARAM[height]</height>
				<aspectratio align="right" scalediffuse="false">scale</aspectratio>
				<texture diffuse="$PARAM[diffuse]" colordiffuse="$VAR[PanelTextureColorVar]">$INFO[Skin.String(PanelTexture.texture)]</texture>
			</control>
			<control type="image">
				<visible>$PARAM[visible] + Skin.HasSetting(PanelSquare.texture)</visible>
				<top>20</top>
				<left>20</left>
				<width>460</width>
				<height>$PARAM[height]</height>
				<aspectratio align="right" scalediffuse="false">scale</aspectratio>
				<texture colordiffuse="$VAR[PanelTextureColorVar]">$INFO[Skin.String(PanelTexture.texture)]</texture>
			</control>
		</definition>
	</include>
	<include name="DialogContextMenuEmboss">
		<param name="height"/>
		<param name="visible">true</param>
		<definition>
			<control type="image">
				<visible>$PARAM[visible]</visible>
				<width>500</width>
				<height>$PARAM[height]</height>
				<texture colordiffuse="$VAR[PanelEmbossColorVar]" border="50">$VAR[DialogEmbossVar]</texture>
			</control>
		</definition>
	</include>
	<!-- Default lists -->
	<include name="DialogListDefault">
		<param name="id"/>
		<definition>
			<include>ContainerScrollTime</include>
			<itemlayout height="75">
				<control type="image">
					<texture border="30" colordiffuse="$VAR[PanelListSeparatorColorVar]">buttons/list-select-nofocus.png</texture>
				</control>
				<control type="label">
					<textoffsetx>40</textoffsetx>
					<textcolor>$VAR[PanelSubTextColorVar]</textcolor>
					<label>$INFO[ListItem.Label]</label>
				</control>
			</itemlayout>
			<focusedlayout height="75">
				<control type="image">
					<texture border="10" colordiffuse="$VAR[PanelHighlightColorVar]">buttons/list-select-focus.png</texture>
					<animation effect="fade" start="100" end="30" time="40" condition="!Control.HasFocus($PARAM[id])">Conditional</animation>
				</control>
				<control type="label">
					<textoffsetx>40</textoffsetx>
					<textcolor>$VAR[PanelFocusTextColorVar]</textcolor>
					<label>$INFO[ListItem.Label]</label>
				</control>
			</focusedlayout>
		</definition>
	</include>
	<include name="DialogList2Default">
		<param name="id"/>
		<definition>
			<include>ContainerScrollTime</include>
			<itemlayout height="75">
				<control type="image">
					<texture border="30" colordiffuse="$VAR[PanelListSeparatorColorVar]">buttons/list-select-nofocus.png</texture>
				</control>
				<control type="label">
					<textoffsetx>40</textoffsetx>
					<textcolor>$VAR[PanelSubTextColorVar]</textcolor>
					<label>$INFO[ListItem.Label]</label>
				</control>
				<control type="label">
					<align>right</align>
					<textoffsetx>40</textoffsetx>
					<textcolor>$VAR[PanelSubTextColorVar]</textcolor>
					<label>$INFO[ListItem.Label2]</label>
				</control>
			</itemlayout>
			<focusedlayout height="75">
				<control type="image">
					<texture border="10" colordiffuse="$VAR[PanelHighlightColorVar]">buttons/list-select-focus.png</texture>
					<animation effect="fade" start="100" end="30" time="40" condition="!Control.HasFocus($PARAM[id])">Conditional</animation>
				</control>
				<control type="label">
					<textoffsetx>40</textoffsetx>
					<textcolor>$VAR[PanelFocusTextColorVar]</textcolor>
					<label>$INFO[ListItem.Label]</label>
				</control>
				<control type="label">
					<align>right</align>
					<textoffsetx>40</textoffsetx>
					<textcolor>$VAR[PanelFocusTextColorVar]</textcolor>
					<label>$INFO[ListItem.Label2]</label>
				</control>
			</focusedlayout>
		</definition>
	</include>
	<include name="DialogListImage">
		<param name="id"/>
		<definition>
			<include>ContainerScrollTime</include>
			<itemlayout height="100">
				<control type="image">
					<texture border="30" colordiffuse="$VAR[PanelListSeparatorColorVar]">buttons/list-select-nofocus.png</texture>
				</control>
				<control type="image">
					<top>10</top>
					<left>40</left>
					<bottom>10</bottom>
					<width>80</width>
					<aspectratio>keep</aspectratio>
					<texture background="true" fallback="DefaultFile.png" diffuse="diffuse/list-icon.png">$INFO[ListItem.Icon]</texture>
				</control>
				<control type="label">
					<visible>!String.IsEmpty(ListItem.Label2)</visible>
					<top>11</top>
					<left>140</left>
					<right>40</right>
					<height>40</height>
					<textcolor>$VAR[PanelTextColorVar]</textcolor>
					<label>$INFO[ListItem.Label]</label>
				</control>
				<control type="label">
					<visible>String.IsEmpty(ListItem.Label2)</visible>
					<left>140</left>
					<right>40</right>
					<textcolor>$VAR[PanelTextColorVar]</textcolor>
					<label>$INFO[ListItem.Label]</label>
				</control>
				<control type="label">
					<bottom>11</bottom>
					<left>140</left>
					<right>40</right>
					<height>40</height>
					<font>Font25_Cond</font>
					<textcolor>$VAR[PanelSubTextColorVar]</textcolor>
					<label>$INFO[ListItem.Label2]</label>
				</control>
			</itemlayout>
			<focusedlayout height="100">
				<control type="image">
					<texture border="10" colordiffuse="$VAR[PanelHighlightColorVar]">buttons/list-select-focus.png</texture>
					<animation effect="fade" start="100" end="30" time="40" condition="!Control.HasFocus($PARAM[id])">Conditional</animation>
				</control>
				<control type="image">
					<top>10</top>
					<left>40</left>
					<bottom>10</bottom>
					<width>80</width>
					<aspectratio>keep</aspectratio>
					<texture background="true" fallback="DefaultFile.png" diffuse="diffuse/list-icon.png">$INFO[ListItem.Icon]</texture>
				</control>
				<control type="label">
					<visible>!String.IsEmpty(ListItem.Label2)</visible>
					<top>11</top>
					<left>140</left>
					<right>40</right>
					<height>40</height>
					<textcolor>$VAR[PanelFocusTextColorVar]</textcolor>
					<label>$INFO[ListItem.Label]</label>
				</control>
				<control type="label">
					<visible>String.IsEmpty(ListItem.Label2)</visible>
					<left>140</left>
					<right>40</right>
					<textcolor>$VAR[PanelFocusTextColorVar]</textcolor>
					<label>$INFO[ListItem.Label]</label>
				</control>
				<control type="label">
					<animation effect="fade" end="70" condition="true">conditional</animation>
					<bottom>11</bottom>
					<left>140</left>
					<right>40</right>
					<height>40</height>
					<font>Font25_Cond</font>
					<textcolor>$VAR[PanelFocusTextColorVar]</textcolor>
					<label>$INFO[ListItem.Label2]</label>
				</control>
			</focusedlayout>
		</definition>
	</include>
	<!-- Dialog select layouts -->
	<include name="DialogSelect">
		<control type="group">
			<include content="DialogBackground">
				<param name="width" value="1220"/>
				<param name="height" value="760"/>
				<param name="id" value="1"/>
			</include>
			<control type="list" id="3">
				<left>20</left>
				<top>90</top>
				<width>858</width>
				<height>600</height>
				<onleft>60</onleft>
				<onright>8000</onright>
				<pagecontrol>60</pagecontrol>
				<include content="DialogList2Default">
					<param name="id" value="3"/>
				</include>
			</control>
			<control type="list" id="6">
				<left>20</left>
				<top>90</top>
				<width>858</width>
				<height>600</height>
				<onleft>60</onleft>
				<onright>8000</onright>
				<pagecontrol>60</pagecontrol>
				<include content="DialogListImage">
					<param name="id" value="6"/>
				</include>
			</control>
			<control type="image">
				<right>338</right>
				<include>DialogVerticalSeparator</include>
			</control>
			<control type="grouplist" id="8000">
				<right>50</right>
				<top>100</top>
				<width>281</width>
				<onleft condition="Control.IsVisible(3)">3</onleft>
				<onleft condition="Control.IsVisible(6)">6</onleft>
				<ondown condition="Control.IsVisible(3)">3</ondown>
				<ondown condition="Control.IsVisible(6)">6</ondown>
				<include content="DialogButtonAction">
					<param name="id">5</param>
					<param name="label" value=""/>
				</include>
				<include content="DialogButtonAction">
					<param name="id">7</param>
					<param name="label" value="$LOCALIZE[222]"/>
				</include>
			</control>
			<include content="DialogImage">
				<param name="visible">Control.IsVisible(6)</param>
				<param name="texture">$INFO[Container(6).ListItem.Icon]</param>
			</include>
			<control type="image">
				<include>DialogHorizontalSeparator</include>
			</control>
			<control type="label">
				<visible>Control.IsVisible(3)</visible>
				<include>DialogItemCountLabel</include>
				<label>$INFO[Container(3).NumItems,, $LOCALIZE[31001]]$INFO[Container(3).CurrentPage, - ]$INFO[Container(3).NumPages,/]</label>
			</control>
			<control type="label">
				<visible>Control.IsVisible(6)</visible>
				<include>DialogItemCountLabel</include>
				<label>$INFO[Container(6).NumItems,, $LOCALIZE[31001]]$INFO[Container(6).CurrentPage, - ]$INFO[Container(6).NumPages,/]</label>
			</control>
			<control type="scrollbar" id="60">
				<onright condition="Control.IsVisible(3)">3</onright>
				<onright condition="Control.IsVisible(6)">6</onright>
				<include>DialogScrollBar</include>
			</control>
		</control>
	</include>
	<include name="DialogSelectGameFilter">
		<control type="group">
			<top>820</top>
			<include content="AnimationSlideBottomWindow">
				<param name="slide">260</param>
			</include>
			<include content="PanelWide">
				<param name="top">0</param>
				<param name="toptexture">20</param>
				<param name="topshadow">0</param>
				<param name="height">260</param>
				<param name="heighttexture">240</param>
				<param name="flipy">false</param>
			</include>
			<control type="label">
				<description>Description Area</description>
				<left>20</left>
				<top>36</top>
				<width>354</width>
				<height>30</height>
				<font>Font28_Bold</font>
				<label>$LOCALIZE[10820]</label>
				<textcolor>$VAR[PanelHighlightColorVar]</textcolor>
			</control>
			<control type="textbox" id="12">
				<description>Description Area</description>
				<left>20</left>
				<top>70</top>
				<width>354</width>
				<height>180</height>
				<font>Font28_Reg</font>
				<textcolor>$VAR[PanelTextColorVar]</textcolor>
			</control>
			<control type="fixedlist" id="11">
				<top>30</top>
				<left>384</left>
				<width>1536</width>
				<height>220</height>
				<movement>3</movement>
				<preloaditems>2</preloaditems>
				<orientation>horizontal</orientation>
				<itemlayout width="384" height="220">
					<control type="gamewindow">
						<top>10</top>
						<left>10</left>
						<width>364</width>
						<height>200</height>
						<videofilter>$INFO[ListItem.Property(game.videofilter)]</videofilter>
						<stretchmode>$INFO[ListItem.Property(game.stretchmode)]</stretchmode>
						<rotation>$INFO[ListItem.Property(game.videorotation)]</rotation>
					</control>
					<control type="image">
						<bottom>10</bottom>
						<left>10</left>
						<width>364</width>
						<height>60</height>
						<texture>panels/art-overlay.png</texture>
					</control>
					<control type="label">
						<bottom>10</bottom>
						<height>40</height>
						<align>center</align>
						<font>Font26_Reg</font>
						<textoffsetx>20</textoffsetx>
						<label>$INFO[ListItem.Label]</label>
						<textcolor>$VAR[PanelSubTextColorVar]</textcolor>
					</control>
					<control type="image">
						<texture border="20">thumbs/overlay2.png</texture>
					</control>
				</itemlayout>
				<focusedlayout width="384" height="220">
					<control type="image">
						<texture colordiffuse="$VAR[PanelHighlightColorVar]" border="10">buttons/thumb-select-focus.png</texture>
					</control>
					<control type="gamewindow">
						<top>10</top>
						<left>10</left>
						<width>364</width>
						<height>200</height>
						<videofilter>$INFO[ListItem.Property(game.videofilter)]</videofilter>
						<stretchmode>$INFO[ListItem.Property(game.stretchmode)]</stretchmode>
						<rotation>$INFO[ListItem.Property(game.videorotation)]</rotation>
					</control>
					<control type="image">
						<bottom>10</bottom>
						<left>10</left>
						<width>364</width>
						<height>50</height>
						<texture>panels/art-overlay.png</texture>
					</control>
					<control type="label">
						<bottom>10</bottom>
						<height>40</height>
						<align>center</align>
						<font>Font26_Reg</font>
						<textoffsetx>20</textoffsetx>
						<label>$INFO[ListItem.Label]</label>
						<textcolor>$VAR[PanelFocusTextColorVar]</textcolor>
					</control>
					<control type="image">
						<texture border="20">thumbs/overlay2.png</texture>
					</control>
				</focusedlayout>
			</control>
		</control>
	</include>
	<include name="DialogSelectGameView">
		<control type="group">
			<top>820</top>
			<include content="AnimationSlideBottomWindow">
				<param name="slide">260</param>
			</include>
			<include content="PanelWide">
				<param name="top">0</param>
				<param name="toptexture">20</param>
				<param name="topshadow">0</param>
				<param name="height">260</param>
				<param name="heighttexture">240</param>
				<param name="flipy">false</param>
			</include>
			<control type="fixedlist" id="11">
				<top>30</top>
				<width>1920</width>
				<height>220</height>
				<movement>3</movement>
				<preloaditems>2</preloaditems>
				<orientation>horizontal</orientation>
				<itemlayout width="384" height="220">
					<control type="gamewindow">
						<top>10</top>
						<left>10</left>
						<width>364</width>
						<height>200</height>
						<videofilter>$INFO[ListItem.Property(game.videofilter)]</videofilter>
						<stretchmode>$INFO[ListItem.Property(game.stretchmode)]</stretchmode>
						<rotation>$INFO[ListItem.Property(game.videorotation)]</rotation>
					</control>
					<control type="image">
						<bottom>10</bottom>
						<left>10</left>
						<width>364</width>
						<height>60</height>
						<texture>panels/art-overlay.png</texture>
					</control>
					<control type="label">
						<bottom>10</bottom>
						<height>40</height>
						<align>center</align>
						<font>Font26_Reg</font>
						<textoffsetx>20</textoffsetx>
						<label>$INFO[ListItem.Label]</label>
						<textcolor>$VAR[PanelSubTextColorVar]</textcolor>
					</control>
					<control type="image">
						<texture border="20">thumbs/overlay2.png</texture>
					</control>
				</itemlayout>
				<focusedlayout width="384" height="220">
					<control type="image">
						<texture colordiffuse="$VAR[PanelHighlightColorVar]" border="10">buttons/thumb-select-focus.png</texture>
					</control>
					<control type="gamewindow">
						<top>10</top>
						<left>10</left>
						<width>364</width>
						<height>200</height>
						<videofilter>$INFO[ListItem.Property(game.videofilter)]</videofilter>
						<stretchmode>$INFO[ListItem.Property(game.stretchmode)]</stretchmode>
						<rotation>$INFO[ListItem.Property(game.videorotation)]</rotation>
					</control>
					<control type="image">
						<bottom>10</bottom>
						<left>10</left>
						<width>364</width>
						<height>50</height>
						<texture>panels/art-overlay.png</texture>
					</control>
					<control type="label">
						<bottom>10</bottom>
						<height>40</height>
						<align>center</align>
						<font>Font26_Reg</font>
						<textoffsetx>20</textoffsetx>
						<label>$INFO[ListItem.Label]</label>
						<textcolor>$VAR[PanelFocusTextColorVar]</textcolor>
					</control>
					<control type="image">
						<texture border="20">thumbs/overlay2.png</texture>
					</control>
				</focusedlayout>
			</control>
		</control>
	</include>
</includes>