<?xml version="1.0" encoding="utf-8"?>
<includes>
	<include name="ThemeDefault">
		<!-- Panel theme -->
		<onclick>Skin.Reset(Panel.texture)</onclick>
		<onclick>Skin.Reset(PanelTexture.texture)</onclick>
		<onclick>Skin.Reset(PanelEmboss.texture)</onclick>
		<onclick>Skin.Reset(PanelSquare.texture)</onclick>
		<!-- Topbar theme -->
		<onclick>Skin.Reset(TopbarTexture.texture)</onclick>
		<!-- Background theme -->
		<onclick>Skin.Reset(BackgroundTexture.texture)</onclick>
		<onclick>Skin.Reset(BackgroundShadow)</onclick>
		<!-- Mainmenu theme -->
		<onclick>Skin.Reset(MainMenuStyle.texture)</onclick>
		<onclick>Skin.Reset(MainMenuTexture.texture)</onclick>
		<onclick>Skin.Reset(MainMenuSystemBar.texture)</onclick>
		<onclick>Skin.Reset(MainMenuSubmenuBar.texture)</onclick>
		<onclick>Skin.Reset(MainMenuRSSBar.texture)</onclick>
		<!-- Panel colors -->
		<onclick>Skin.SetString(PanelStyle.color,None)</onclick>
		<onclick>Skin.SetString(PanelStyle.color.name,None)</onclick>
		<onclick>Skin.Reset(PanelStyle.color.base)</onclick>
		<onclick>Skin.SetString(PanelTexture.color,None)</onclick>
		<onclick>Skin.SetString(PanelTexture.color.name,None)</onclick>
		<onclick>Skin.Reset(PanelTexture.color.base)</onclick>
		<onclick>Skin.SetString(PanelEmboss.color,None)</onclick>
		<onclick>Skin.SetString(PanelEmboss.color.name,None)</onclick>
		<onclick>Skin.Reset(PanelEmboss.color.base)</onclick>
		<onclick>Skin.SetString(PanelShadow.color,None)</onclick>
		<onclick>Skin.SetString(PanelShadow.color.name,None)</onclick>
		<onclick>Skin.Reset(PanelShadow.color.base)</onclick>
		<onclick>Skin.SetString(PanelHighlight.color,None)</onclick>
		<onclick>Skin.SetString(PanelHighlight.color.name,None)</onclick>
		<onclick>Skin.Reset(PanelHighlight.color.base)</onclick>
		<onclick>Skin.SetString(PanelText.color,None)</onclick>
		<onclick>Skin.SetString(PanelText.color.name,None)</onclick>
		<onclick>Skin.Reset(PanelText.color.base)</onclick>
		<onclick>Skin.SetString(PanelSubText.color,None)</onclick>
		<onclick>Skin.SetString(PanelSubText.color.name,None)</onclick>
		<onclick>Skin.Reset(PanelSubText.color.base)</onclick>
		<onclick>Skin.SetString(PanelFocusText.color,None)</onclick>
		<onclick>Skin.SetString(PanelFocusText.color.name,None)</onclick>
		<onclick>Skin.Reset(PanelFocusText.color.base)</onclick>
		<onclick>Skin.SetString(PanelDisabledText.color,None)</onclick>
		<onclick>Skin.SetString(PanelDisabledText.color.name,None)</onclick>
		<onclick>Skin.Reset(PanelDisabledText.color.base)</onclick>
		<onclick>Skin.SetString(PanelListSeparator.color,None)</onclick>
		<onclick>Skin.SetString(PanelListSeparator.color.name,None)</onclick>
		<onclick>Skin.Reset(PanelListSeparator.color.base)</onclick>
		<!-- Main menu colors -->
		<onclick>Skin.SetString(MainMenuStyle.color,None)</onclick>
		<onclick>Skin.SetString(MainMenuStyle.color.name,None)</onclick>
		<onclick>Skin.Reset(MainMenuStyle.color.base)</onclick>
		<onclick>Skin.SetString(MainMenuTexture.color,None)</onclick>
		<onclick>Skin.SetString(MainMenuTexture.color.name,None)</onclick>
		<onclick>Skin.Reset(MainMenuTexture.color.base)</onclick>
		<onclick>Skin.SetString(MainMenuGradient.color,None)</onclick>
		<onclick>Skin.SetString(MainMenuGradient.color.name,None)</onclick>
		<onclick>Skin.Reset(MainMenuGradient.color.base)</onclick>
		<onclick>Skin.SetString(MainMenuWidget.color,None)</onclick>
		<onclick>Skin.SetString(MainMenuWidget.color.name,None)</onclick>
		<onclick>Skin.Reset(MainMenuWidget.color.base)</onclick>
		<!-- Background colors -->
		<onclick>Skin.SetString(BackgroundTexture.color,None)</onclick>
		<onclick>Skin.SetString(BackgroundTexture.color.name,None)</onclick>
		<onclick>Skin.Reset(BackgroundTexture.color.base)</onclick>
		<onclick>Skin.SetString(BackgroundShadow.color,None)</onclick>
		<onclick>Skin.SetString(BackgroundShadow.color.name,None)</onclick>
		<onclick>Skin.Reset(BackgroundShadow.color.base)</onclick>
		<!-- Topbar / Main menu bars colors -->
		<onclick>Skin.SetString(TopbarTexture.color,None)</onclick>
		<onclick>Skin.SetString(TopbarTexture.color.name,None)</onclick>
		<onclick>Skin.Reset(TopbarTexture.color.base)</onclick>
		<onclick>Skin.SetString(TopbarShadowTexture.color,None)</onclick>
		<onclick>Skin.SetString(TopbarShadowTexture.color.name,None)</onclick>
		<onclick>Skin.Reset(TopbarShadowTexture.color.base)</onclick>
		<!-- Floor colors -->
		<onclick>Skin.SetString(FloorStyle.color,None)</onclick>
		<onclick>Skin.SetString(FloorStyle.color.name,None)</onclick>
		<onclick>Skin.Reset(FloorStyle.color.base)</onclick>
		<onclick>Skin.SetString(FloorHighlight.color,None)</onclick>
		<onclick>Skin.SetString(FloorHighlight.color.name,None)</onclick>
		<onclick>Skin.Reset(FloorHighlight.color.base)</onclick>
	</include>
	<include name="ThemeNox4">
		<!-- Panel theme -->
		<onclick>Skin.SetString(Panel.texture,nox4)</onclick>
		<onclick>Skin.Reset(PanelTexture.texture)</onclick>
		<onclick>Skin.Reset(PanelEmboss.texture)</onclick>
		<onclick>Skin.Reset(PanelSquare.texture)</onclick>
		<!-- Topbar theme -->
		<onclick>Skin.Reset(TopbarTexture.texture)</onclick>
		<!-- Background theme -->
		<onclick>Skin.Reset(BackgroundTexture.texture)</onclick>
		<onclick>Skin.Reset(BackgroundShadow)</onclick>
		<!-- Mainmenu theme -->
		<onclick>Skin.SetString(MainMenuStyle.texture,panels/mainmenu/nox4.png)</onclick>
		<onclick>Skin.Reset(MainMenuTexture.texture)</onclick>
		<onclick>Skin.Reset(MainMenuSystemBar.texture)</onclick>
		<onclick>Skin.Reset(MainMenuSubmenuBar.texture)</onclick>
		<onclick>Skin.Reset(MainMenuRSSBar.texture)</onclick>
		<!-- Panel colors -->
		<onclick>Skin.SetString(PanelStyle.color,ff6db9e5)</onclick>
		<onclick>Skin.SetString(PanelStyle.color.name,ff6db9e5)</onclick>
		<onclick>Skin.SetString(PanelStyle.color.base,ff6db9e5)</onclick>
		<onclick>Skin.SetString(PanelTexture.color,None)</onclick>
		<onclick>Skin.SetString(PanelTexture.color.name,None)</onclick>
		<onclick>Skin.Reset(PanelTexture.color.base)</onclick>
		<onclick>Skin.SetString(PanelEmboss.color,None)</onclick>
		<onclick>Skin.SetString(PanelEmboss.color.name,None)</onclick>
		<onclick>Skin.Reset(PanelEmboss.color.base)</onclick>
		<onclick>Skin.SetString(PanelShadow.color,None)</onclick>
		<onclick>Skin.SetString(PanelShadow.color.name,None)</onclick>
		<onclick>Skin.Reset(PanelShadow.color.base)</onclick>
		<onclick>Skin.SetString(PanelHighlight.color,None)</onclick>
		<onclick>Skin.SetString(PanelHighlight.color.name,None)</onclick>
		<onclick>Skin.Reset(PanelHighlight.color.base)</onclick>
		<onclick>Skin.SetString(PanelText.color,None)</onclick>
		<onclick>Skin.SetString(PanelText.color.name,None)</onclick>
		<onclick>Skin.Reset(PanelText.color.base)</onclick>
		<onclick>Skin.SetString(PanelSubText.color,None)</onclick>
		<onclick>Skin.SetString(PanelSubText.color.name,None)</onclick>
		<onclick>Skin.Reset(PanelSubText.color.base)</onclick>
		<onclick>Skin.SetString(PanelFocusText.color,None)</onclick>
		<onclick>Skin.SetString(PanelFocusText.color.name,None)</onclick>
		<onclick>Skin.Reset(PanelFocusText.color.base)</onclick>
		<onclick>Skin.SetString(PanelDisabledText.color,None)</onclick>
		<onclick>Skin.SetString(PanelDisabledText.color.name,None)</onclick>
		<onclick>Skin.Reset(PanelDisabledText.color.base)</onclick>
		<onclick>Skin.SetString(PanelListSeparator.color,None)</onclick>
		<onclick>Skin.SetString(PanelListSeparator.color.name,None)</onclick>
		<onclick>Skin.Reset(PanelListSeparator.color.base)</onclick>
		<!-- Main menu colors -->
		<onclick>Skin.SetString(MainMenuStyle.color,ff6db9e5)</onclick>
		<onclick>Skin.SetString(MainMenuStyle.color.name,ff6db9e5)</onclick>
		<onclick>Skin.SetString(MainMenuStyle.color.base,ff6db9e5)</onclick>
		<onclick>Skin.SetString(MainMenuTexture.color,None)</onclick>
		<onclick>Skin.SetString(MainMenuTexture.color.name,None)</onclick>
		<onclick>Skin.Reset(MainMenuTexture.color.base)</onclick>
		<onclick>Skin.SetString(MainMenuGradient.color,None)</onclick>
		<onclick>Skin.SetString(MainMenuGradient.color.name,None)</onclick>
		<onclick>Skin.Reset(MainMenuGradient.color.base)</onclick>
		<onclick>Skin.SetString(MainMenuWidget.color,None)</onclick>
		<onclick>Skin.SetString(MainMenuWidget.color.name,None)</onclick>
		<onclick>Skin.Reset(MainMenuWidget.color.base)</onclick>
		<!-- Background colors -->
		<onclick>Skin.SetString(BackgroundTexture.color,None)</onclick>
		<onclick>Skin.SetString(BackgroundTexture.color.name,None)</onclick>
		<onclick>Skin.Reset(BackgroundTexture.color.base)</onclick>
		<onclick>Skin.SetString(BackgroundShadow.color,None)</onclick>
		<onclick>Skin.SetString(BackgroundShadow.color.name,None)</onclick>
		<onclick>Skin.Reset(BackgroundShadow.color.base)</onclick>
		<!-- Topbar / Main menu bars colors -->
		<onclick>Skin.SetString(TopbarTexture.color,None)</onclick>
		<onclick>Skin.SetString(TopbarTexture.color.name,None)</onclick>
		<onclick>Skin.Reset(TopbarTexture.color.base)</onclick>
		<onclick>Skin.SetString(TopbarShadowTexture.color,None)</onclick>
		<onclick>Skin.SetString(TopbarShadowTexture.color.name,None)</onclick>
		<onclick>Skin.Reset(TopbarShadowTexture.color.base)</onclick>
		<!-- Floor colors -->
		<onclick>Skin.SetString(FloorStyle.color,ff404040)</onclick>
		<onclick>Skin.SetString(FloorStyle.color.name,ff404040)</onclick>
		<onclick>Skin.SetString(FloorStyle.color.base,ff404040)</onclick>
		<onclick>Skin.SetString(FloorHighlight.color,None)</onclick>
		<onclick>Skin.SetString(FloorHighlight.color.name,None)</onclick>
		<onclick>Skin.Reset(FloorHighlight.color.base)</onclick>
	</include>
	<include name="ThemeAuriga">
		<!-- Panel theme -->
		<onclick>Skin.SetString(Panel.texture,auriga)</onclick>
		<onclick>Skin.Reset(PanelTexture.texture)</onclick>
		<onclick>Skin.Reset(PanelEmboss.texture)</onclick>
		<onclick>Skin.Reset(PanelSquare.texture)</onclick>
		<!-- Topbar theme -->
		<onclick>Skin.Reset(TopbarTexture.texture)</onclick>
		<!-- Background theme -->
		<onclick>Skin.Reset(BackgroundTexture.texture)</onclick>
		<onclick>Skin.Reset(BackgroundShadow)</onclick>
		<!-- Mainmenu theme -->
		<onclick>Skin.SetString(MainMenuStyle.texture,panels/mainmenu/auriga.png)</onclick>
		<onclick>Skin.Reset(MainMenuTexture.texture)</onclick>
		<onclick>Skin.Reset(MainMenuSystemBar.texture)</onclick>
		<onclick>Skin.Reset(MainMenuSubmenuBar.texture)</onclick>
		<onclick>Skin.Reset(MainMenuRSSBar.texture)</onclick>
		<!-- Panel colors -->
		<onclick>Skin.SetString(PanelStyle.color,None)</onclick>
		<onclick>Skin.SetString(PanelStyle.color.name,None)</onclick>
		<onclick>Skin.Reset(PanelStyle.color.base)</onclick>
		<onclick>Skin.SetString(PanelTexture.color,None)</onclick>
		<onclick>Skin.SetString(PanelTexture.color.name,None)</onclick>
		<onclick>Skin.Reset(PanelTexture.color.base)</onclick>
		<onclick>Skin.SetString(PanelEmboss.color,None)</onclick>
		<onclick>Skin.SetString(PanelEmboss.color.name,None)</onclick>
		<onclick>Skin.Reset(PanelEmboss.color.base)</onclick>
		<onclick>Skin.SetString(PanelShadow.color,None)</onclick>
		<onclick>Skin.SetString(PanelShadow.color.name,None)</onclick>
		<onclick>Skin.Reset(PanelShadow.color.base)</onclick>
		<onclick>Skin.SetString(PanelHighlight.color,None)</onclick>
		<onclick>Skin.SetString(PanelHighlight.color.name,None)</onclick>
		<onclick>Skin.Reset(PanelHighlight.color.base)</onclick>
		<onclick>Skin.SetString(PanelText.color,None)</onclick>
		<onclick>Skin.SetString(PanelText.color.name,None)</onclick>
		<onclick>Skin.Reset(PanelText.color.base)</onclick>
		<onclick>Skin.SetString(PanelSubText.color,None)</onclick>
		<onclick>Skin.SetString(PanelSubText.color.name,None)</onclick>
		<onclick>Skin.Reset(PanelSubText.color.base)</onclick>
		<onclick>Skin.SetString(PanelFocusText.color,None)</onclick>
		<onclick>Skin.SetString(PanelFocusText.color.name,None)</onclick>
		<onclick>Skin.Reset(PanelFocusText.color.base)</onclick>
		<onclick>Skin.SetString(PanelDisabledText.color,None)</onclick>
		<onclick>Skin.SetString(PanelDisabledText.color.name,None)</onclick>
		<onclick>Skin.Reset(PanelDisabledText.color.base)</onclick>
		<onclick>Skin.SetString(PanelListSeparator.color,ffffffff)</onclick>
		<onclick>Skin.SetString(PanelListSeparator.color.name,ffffffff)</onclick>
		<onclick>Skin.SetString(PanelListSeparator.color.base,ffffffff)</onclick>
		<!-- Main menu colors -->
		<onclick>Skin.SetString(MainMenuStyle.color,ffffffff)</onclick>
		<onclick>Skin.SetString(MainMenuStyle.color.name,ffffffff)</onclick>
		<onclick>Skin.SetString(MainMenuStyle.color.base,ffffffff)</onclick>
		<onclick>Skin.SetString(MainMenuTexture.color,None)</onclick>
		<onclick>Skin.SetString(MainMenuTexture.color.name,None)</onclick>
		<onclick>Skin.Reset(MainMenuTexture.color.base)</onclick>
		<onclick>Skin.SetString(MainMenuGradient.color,None)</onclick>
		<onclick>Skin.SetString(MainMenuGradient.color.name,None)</onclick>
		<onclick>Skin.Reset(MainMenuGradient.color.base)</onclick>
		<onclick>Skin.SetString(MainMenuWidget.color,None)</onclick>
		<onclick>Skin.SetString(MainMenuWidget.color.name,None)</onclick>
		<onclick>Skin.Reset(MainMenuWidget.color.base)</onclick>
		<!-- Background colors -->
		<onclick>Skin.SetString(BackgroundTexture.color,None)</onclick>
		<onclick>Skin.SetString(BackgroundTexture.color.name,None)</onclick>
		<onclick>Skin.Reset(BackgroundTexture.color.base)</onclick>
		<onclick>Skin.SetString(BackgroundShadow.color,None)</onclick>
		<onclick>Skin.SetString(BackgroundShadow.color.name,None)</onclick>
		<onclick>Skin.Reset(BackgroundShadow.color.base)</onclick>
		<!-- Topbar / Main menu bars colors -->
		<onclick>Skin.SetString(TopbarTexture.color,cc000000)</onclick>
		<onclick>Skin.SetString(TopbarTexture.color.name,cc000000)</onclick>
		<onclick>Skin.SetString(TopbarTexture.color.base,cc000000)</onclick>
		<onclick>Skin.SetString(TopbarShadowTexture.color,None)</onclick>
		<onclick>Skin.SetString(TopbarShadowTexture.color.name,None)</onclick>
		<onclick>Skin.Reset(TopbarShadowTexture.color.base)</onclick>
		<!-- Floor colors -->
		<onclick>Skin.SetString(FloorStyle.color,ffffffff)</onclick>
		<onclick>Skin.SetString(FloorStyle.color.name,ffffffff)</onclick>
		<onclick>Skin.SetString(FloorStyle.color.base,ffffffff)</onclick>
		<onclick>Skin.SetString(FloorHighlight.color,None)</onclick>
		<onclick>Skin.SetString(FloorHighlight.color.name,None)</onclick>
		<onclick>Skin.Reset(FloorHighlight.color.base)</onclick>
	</include>
	<include name="ThemeDark">
		<!-- Panel theme -->
		<onclick>Skin.Reset(Panel.texture)</onclick>
		<onclick>Skin.Reset(PanelTexture.texture)</onclick>
		<onclick>Skin.Reset(PanelEmboss.texture)</onclick>
		<onclick>Skin.SetBool(PanelSquare.texture)</onclick>
		<!-- Topbar theme -->
		<onclick>Skin.SetString(TopbarTexture.texture,shadow)</onclick>
		<!-- Background theme -->
		<onclick>Skin.SetString(BackgroundTexture.texture,panels/patterns/wallpaper.png)</onclick>
		<onclick>Skin.SetBool(BackgroundShadow)</onclick>
		<!-- Mainmenu theme -->
		<onclick>Skin.SetString(MainMenuStyle.texture,panels/mainmenu/nox4.png)</onclick>
		<onclick>Skin.Reset(MainMenuTexture.texture)</onclick>
		<onclick>Skin.SetString(MainMenuSystemBar.texture,wide)</onclick>
		<onclick>Skin.SetString(MainMenuSubmenuBar.texture,wide)</onclick>
		<onclick>Skin.Reset(MainMenuRSSBar.texture)</onclick>
		<!-- Panel colors -->
		<onclick>Skin.SetString(PanelStyle.color,ff404040)</onclick>
		<onclick>Skin.SetString(PanelStyle.color.name,ff404040)</onclick>
		<onclick>Skin.SetString(PanelStyle.color.base,ff404040)</onclick>
		<onclick>Skin.SetString(PanelTexture.color,None)</onclick>
		<onclick>Skin.SetString(PanelTexture.color.name,None)</onclick>
		<onclick>Skin.Reset(PanelTexture.color.base)</onclick>
		<onclick>Skin.SetString(PanelEmboss.color,None)</onclick>
		<onclick>Skin.SetString(PanelEmboss.color.name,None)</onclick>
		<onclick>Skin.Reset(PanelEmboss.color.base)</onclick>
		<onclick>Skin.SetString(PanelShadow.color,None)</onclick>
		<onclick>Skin.SetString(PanelShadow.color.name,None)</onclick>
		<onclick>Skin.Reset(PanelShadow.color.base)</onclick>
		<onclick>Skin.SetString(PanelHighlight.color,None)</onclick>
		<onclick>Skin.SetString(PanelHighlight.color.name,None)</onclick>
		<onclick>Skin.Reset(PanelHighlight.color.base)</onclick>
		<onclick>Skin.SetString(PanelText.color,None)</onclick>
		<onclick>Skin.SetString(PanelText.color.name,None)</onclick>
		<onclick>Skin.Reset(PanelText.color.base)</onclick>
		<onclick>Skin.SetString(PanelSubText.color,None)</onclick>
		<onclick>Skin.SetString(PanelSubText.color.name,None)</onclick>
		<onclick>Skin.Reset(PanelSubText.color.base)</onclick>
		<onclick>Skin.SetString(PanelFocusText.color,None)</onclick>
		<onclick>Skin.SetString(PanelFocusText.color.name,None)</onclick>
		<onclick>Skin.Reset(PanelFocusText.color.base)</onclick>
		<onclick>Skin.SetString(PanelDisabledText.color,None)</onclick>
		<onclick>Skin.SetString(PanelDisabledText.color.name,None)</onclick>
		<onclick>Skin.Reset(PanelDisabledText.color.base)</onclick>
		<onclick>Skin.SetString(PanelListSeparator.color,None)</onclick>
		<onclick>Skin.SetString(PanelListSeparator.color.name,None)</onclick>
		<onclick>Skin.Reset(PanelListSeparator.color.base)</onclick>
		<!-- Main menu colors -->
		<onclick>Skin.SetString(MainMenuStyle.color,ff000000)</onclick>
		<onclick>Skin.SetString(MainMenuStyle.color.name,ff000000)</onclick>
		<onclick>Skin.SetString(MainMenuStyle.color.base,ff000000)</onclick>
		<onclick>Skin.SetString(MainMenuTexture.color,None)</onclick>
		<onclick>Skin.SetString(MainMenuTexture.color.name,None)</onclick>
		<onclick>Skin.Reset(MainMenuTexture.color.base)</onclick>
		<onclick>Skin.SetString(MainMenuGradient.color,cc000000)</onclick>
		<onclick>Skin.SetString(MainMenuGradient.color.name,cc000000)</onclick>
		<onclick>Skin.SetString(MainMenuGradient.color.base,cc000000)</onclick>
		<onclick>Skin.SetString(MainMenuWidget.color,None)</onclick>
		<onclick>Skin.SetString(MainMenuWidget.color.name,None)</onclick>
		<onclick>Skin.Reset(MainMenuWidget.color.base)</onclick>
		<!-- Background colors -->
		<onclick>Skin.SetString(BackgroundTexture.color,None)</onclick>
		<onclick>Skin.SetString(BackgroundTexture.color.name,None)</onclick>
		<onclick>Skin.Reset(BackgroundTexture.color.base)</onclick>
		<onclick>Skin.SetString(BackgroundShadow.color,None)</onclick>
		<onclick>Skin.SetString(BackgroundShadow.color.name,None)</onclick>
		<onclick>Skin.Reset(BackgroundShadow.color.base)</onclick>
		<!-- Topbar / Main menu bars colors -->
		<onclick>Skin.SetString(TopbarTexture.color,99000000)</onclick>
		<onclick>Skin.SetString(TopbarTexture.color.name,99000000)</onclick>
		<onclick>Skin.SetString(TopbarTexture.color.base,99000000)</onclick>
		<onclick>Skin.SetString(TopbarShadowTexture.color,None)</onclick>
		<onclick>Skin.SetString(TopbarShadowTexture.color.name,None)</onclick>
		<onclick>Skin.Reset(TopbarShadowTexture.color.base)</onclick>
		<!-- Floor colors -->
		<onclick>Skin.SetString(FloorStyle.color,ff000000)</onclick>
		<onclick>Skin.SetString(FloorStyle.color.name,ff000000)</onclick>
		<onclick>Skin.SetString(FloorStyle.color.base,ff000000)</onclick>
		<onclick>Skin.SetString(FloorHighlight.color,ff404040)</onclick>
		<onclick>Skin.SetString(FloorHighlight.color.name,ff404040)</onclick>
		<onclick>Skin.SetString(FloorHighlight.color.base,ff404040)</onclick>
	</include>
	<include name="ThemePurpleCarbon">
		<!-- Panel theme -->
		<onclick>Skin.SetString(Panel.texture,nox4)</onclick>
		<onclick>Skin.SetString(PanelTexture.texture,panels/patterns/carbon.png)</onclick>
		<onclick>Skin.SetBool(PanelSquare.texture)</onclick>
		<onclick>Skin.Reset(PanelEmboss.texture)</onclick>
		<!-- Topbar theme -->
		<onclick>Skin.Reset(TopbarTexture.texture)</onclick>
		<!-- Background theme -->
		<onclick>Skin.SetString(BackgroundTexture.texture,panels/patterns/wallpaper.png)</onclick>
		<onclick>Skin.Reset(BackgroundShadow)</onclick>
		<onclick>Skin.Reset(BackgroundEffect.texture)</onclick>
		<!-- Mainmenu theme -->
		<onclick>Skin.Reset(MainMenuStyle.texture)</onclick>
		<onclick>Skin.SetString(MainMenuTexture.texture,panels/mainmenu/carbon.png)</onclick>
		<onclick>Skin.SetString(MainMenuSystemBar.texture,wide)</onclick>
		<onclick>Skin.SetString(MainMenuSubmenuBar.texture,wide)</onclick>
		<onclick>Skin.Reset(MainMenuRSSBar.texture)</onclick>
		<!-- Panel colors -->
		<onclick>Skin.SetString(PanelStyle.color,ff7c50a4)</onclick>
		<onclick>Skin.SetString(PanelStyle.color.name,ff7c50a4)</onclick>
		<onclick>Skin.SetString(PanelStyle.color.base,ff7c50a4)</onclick>
		<onclick>Skin.SetString(PanelTexture.color,None)</onclick>
		<onclick>Skin.SetString(PanelTexture.color.name,None)</onclick>
		<onclick>Skin.Reset(PanelTexture.color.base)</onclick>
		<onclick>Skin.SetString(PanelEmboss.color,None)</onclick>
		<onclick>Skin.SetString(PanelEmboss.color.name,None)</onclick>
		<onclick>Skin.Reset(PanelEmboss.color.base)</onclick>
		<onclick>Skin.SetString(PanelShadow.color,None)</onclick>
		<onclick>Skin.SetString(PanelShadow.color.name,None)</onclick>
		<onclick>Skin.Reset(PanelShadow.color.base)</onclick>
		<onclick>Skin.SetString(PanelHighlight.color,ff2d8dbe)</onclick>
		<onclick>Skin.SetString(PanelHighlight.color.name,ff7c50a4)</onclick>
		<onclick>Skin.SetString(PanelHighlight.color.base,ff7c50a4)</onclick>
		<onclick>Skin.SetString(PanelText.color,None)</onclick>
		<onclick>Skin.SetString(PanelText.color.name,None)</onclick>
		<onclick>Skin.Reset(PanelText.color.base)</onclick>
		<onclick>Skin.SetString(PanelSubText.color,None)</onclick>
		<onclick>Skin.SetString(PanelSubText.color.name,None)</onclick>
		<onclick>Skin.Reset(PanelSubText.color.base)</onclick>
		<onclick>Skin.SetString(PanelFocusText.color,None)</onclick>
		<onclick>Skin.SetString(PanelFocusText.color.name,None)</onclick>
		<onclick>Skin.Reset(PanelFocusText.color.base)</onclick>
		<onclick>Skin.SetString(PanelDisabledText.color,None)</onclick>
		<onclick>Skin.SetString(PanelDisabledText.color.name,None)</onclick>
		<onclick>Skin.Reset(PanelDisabledText.color.base)</onclick>
		<onclick>Skin.SetString(PanelListSeparator.color,ff7c50a4)</onclick>
		<onclick>Skin.SetString(PanelListSeparator.color.name,ff7c50a4)</onclick>
		<onclick>Skin.SetString(PanelListSeparator.color.base,ff7c50a4)</onclick>
		<!-- Main menu colors -->
		<onclick>Skin.SetString(MainMenuStyle.color,ff7c50a4)</onclick>
		<onclick>Skin.SetString(MainMenuStyle.color.name,ff7c50a4)</onclick>
		<onclick>Skin.SetString(MainMenuStyle.color.base,ff7c50a4)</onclick>
		<onclick>Skin.SetString(MainMenuTexture.color,None)</onclick>
		<onclick>Skin.SetString(MainMenuTexture.color.name,None)</onclick>
		<onclick>Skin.Reset(MainMenuTexture.color.base)</onclick>
		<onclick>Skin.SetString(MainMenuGradient.color,None)</onclick>
		<onclick>Skin.SetString(MainMenuGradient.color.name,None)</onclick>
		<onclick>Skin.Reset(MainMenuGradient.color.base)</onclick>
		<onclick>Skin.SetString(MainMenuWidget.color,None)</onclick>
		<onclick>Skin.SetString(MainMenuWidget.color.name,None)</onclick>
		<onclick>Skin.Reset(MainMenuWidget.color.base)</onclick>
		<!-- Background colors -->
		<onclick>Skin.SetString(BackgroundTexture.color,None)</onclick>
		<onclick>Skin.SetString(BackgroundTexture.color.name,None)</onclick>
		<onclick>Skin.Reset(BackgroundTexture.color.base)</onclick>
		<onclick>Skin.SetString(BackgroundShadow.color,None)</onclick>
		<onclick>Skin.SetString(BackgroundShadow.color.name,None)</onclick>
		<onclick>Skin.Reset(BackgroundShadow.color.base)</onclick>
		<!-- Topbar / Main menu bars colors -->
		<onclick>Skin.SetString(TopbarTexture.color,99000000)</onclick>
		<onclick>Skin.SetString(TopbarTexture.color.name,99000000)</onclick>
		<onclick>Skin.SetString(TopbarTexture.color.base,99000000)</onclick>
		<onclick>Skin.SetString(TopbarShadowTexture.color,None)</onclick>
		<onclick>Skin.SetString(TopbarShadowTexture.color.name,None)</onclick>
		<onclick>Skin.Reset(TopbarShadowTexture.color.base)</onclick>
		<!-- Floor colors -->
		<onclick>Skin.SetString(FloorStyle.color,ff000000)</onclick>
		<onclick>Skin.SetString(FloorStyle.color.name,ff000000)</onclick>
		<onclick>Skin.SetString(FloorStyle.color.base,ff000000)</onclick>
		<onclick>Skin.SetString(FloorHighlight.color,ff404040)</onclick>
		<onclick>Skin.SetString(FloorHighlight.color.name,ff404040)</onclick>
		<onclick>Skin.SetString(FloorHighlight.color.base,ff404040)</onclick>
	</include>
	<include name="ThemeBlueWood">
		<!-- Panel theme -->
		<onclick>Skin.SetString(Panel.texture,auriga)</onclick>
		<onclick>Skin.SetString(PanelTexture.texture,panels/patterns/wood.png)</onclick>
		<onclick>Skin.SetBool(PanelSquare.texture)</onclick>
		<onclick>Skin.Reset(PanelEmboss.texture)</onclick>
		<!-- Topbar theme -->
		<onclick>Skin.Reset(TopbarTexture.texture)</onclick>
		<!-- Background theme -->
		<onclick>Skin.SetString(BackgroundTexture.texture,panels/patterns/wood.png)</onclick>
		<onclick>Skin.SetBool(BackgroundShadow)</onclick>
		<onclick>Skin.Reset(BackgroundEffect.texture)</onclick>
		<!-- Mainmenu theme -->
		<onclick>Skin.Reset(MainMenuStyle.texture)</onclick>
		<onclick>Skin.SetString(MainMenuTexture.texture,panels/mainmenu/wood.png)</onclick>
		<onclick>Skin.SetString(MainMenuSystemBar.texture,wide)</onclick>
		<onclick>Skin.SetString(MainMenuSubmenuBar.texture,wide)</onclick>
		<onclick>Skin.Reset(MainMenuRSSBar.texture)</onclick>
		<!-- Panel colors -->
		<onclick>Skin.SetString(PanelStyle.color,ff123b50)</onclick>
		<onclick>Skin.SetString(PanelStyle.color.name,ff123b50)</onclick>
		<onclick>Skin.SetString(PanelStyle.color.base,ff123b50)</onclick>
		<onclick>Skin.SetString(PanelTexture.color,None)</onclick>
		<onclick>Skin.SetString(PanelTexture.color.name,None)</onclick>
		<onclick>Skin.Reset(PanelTexture.color.base)</onclick>
		<onclick>Skin.SetString(PanelEmboss.color,None)</onclick>
		<onclick>Skin.SetString(PanelEmboss.color.name,None)</onclick>
		<onclick>Skin.Reset(PanelEmboss.color.base)</onclick>
		<onclick>Skin.SetString(PanelShadow.color,None)</onclick>
		<onclick>Skin.SetString(PanelShadow.color.name,None)</onclick>
		<onclick>Skin.Reset(PanelShadow.color.base)</onclick>
		<onclick>Skin.SetString(PanelHighlight.color,ff345da9)</onclick>
		<onclick>Skin.SetString(PanelHighlight.color.name,ff345da9)</onclick>
		<onclick>Skin.SetString(PanelHighlight.color.base,ff345da9)</onclick>
		<onclick>Skin.SetString(PanelText.color,None)</onclick>
		<onclick>Skin.SetString(PanelText.color.name,None)</onclick>
		<onclick>Skin.Reset(PanelText.color.base)</onclick>
		<onclick>Skin.SetString(PanelSubText.color,None)</onclick>
		<onclick>Skin.SetString(PanelSubText.color.name,None)</onclick>
		<onclick>Skin.Reset(PanelSubText.color.base)</onclick>
		<onclick>Skin.SetString(PanelFocusText.color,None)</onclick>
		<onclick>Skin.SetString(PanelFocusText.color.name,None)</onclick>
		<onclick>Skin.Reset(PanelFocusText.color.base)</onclick>
		<onclick>Skin.SetString(PanelDisabledText.color,None)</onclick>
		<onclick>Skin.SetString(PanelDisabledText.color.name,None)</onclick>
		<onclick>Skin.Reset(PanelDisabledText.color.base)</onclick>
		<onclick>Skin.SetString(PanelListSeparator.color,ff345da9)</onclick>
		<onclick>Skin.SetString(PanelListSeparator.color.name,ff345da9)</onclick>
		<onclick>Skin.SetString(PanelListSeparator.color.base,ff345da9)</onclick>
		<!-- Main menu colors -->
		<onclick>Skin.SetString(MainMenuStyle.color,ff123b50)</onclick>
		<onclick>Skin.SetString(MainMenuStyle.color.name,ff123b50)</onclick>
		<onclick>Skin.SetString(MainMenuStyle.color.base,ff123b50)</onclick>
		<onclick>Skin.SetString(MainMenuTexture.color,None)</onclick>
		<onclick>Skin.SetString(MainMenuTexture.color.name,None)</onclick>
		<onclick>Skin.Reset(MainMenuTexture.color.base)</onclick>
		<onclick>Skin.SetString(MainMenuGradient.color,None)</onclick>
		<onclick>Skin.SetString(MainMenuGradient.color.name,None)</onclick>
		<onclick>Skin.Reset(MainMenuGradient.color.base)</onclick>
		<onclick>Skin.SetString(MainMenuWidget.color,None)</onclick>
		<onclick>Skin.SetString(MainMenuWidget.color.name,None)</onclick>
		<onclick>Skin.Reset(MainMenuWidget.color.base)</onclick>
		<!-- Background colors -->
		<onclick>Skin.SetString(BackgroundTexture.color,c0ffffff)</onclick>
		<onclick>Skin.SetString(BackgroundTexture.color.name,c0ffffff)</onclick>
		<onclick>Skin.SetString(BackgroundTexture.color.base,c0ffffff)</onclick>
		<onclick>Skin.SetString(BackgroundShadow.color,a6123b50)</onclick>
		<onclick>Skin.SetString(BackgroundShadow.color.name,a6123b50)</onclick>
		<onclick>Skin.SetString(BackgroundShadow.color.base,a6123b50)</onclick>
		<!-- Topbar / Main menu bars colors -->
		<onclick>Skin.SetString(TopbarTexture.color,cc000000)</onclick>
		<onclick>Skin.SetString(TopbarTexture.color.name,cc000000)</onclick>
		<onclick>Skin.SetString(TopbarTexture.color.base,cc000000)</onclick>
		<onclick>Skin.SetString(TopbarShadowTexture.color,None)</onclick>
		<onclick>Skin.SetString(TopbarShadowTexture.color.name,None)</onclick>
		<onclick>Skin.Reset(TopbarShadowTexture.color.base)</onclick>
		<!-- Floor colors -->
		<onclick>Skin.SetString(FloorStyle.color,ff000000)</onclick>
		<onclick>Skin.SetString(FloorStyle.color.name,ff000000)</onclick>
		<onclick>Skin.SetString(FloorStyle.color.base,ff000000)</onclick>
		<onclick>Skin.SetString(FloorHighlight.color,ff123b50)</onclick>
		<onclick>Skin.SetString(FloorHighlight.color.name,ff123b50)</onclick>
		<onclick>Skin.SetString(FloorHighlight.color.base,ff123b50)</onclick>
	</include>
</includes>