<?xml version="1.0" encoding="utf-8"?>
<window>
	<defaultcontrol always="true">205</defaultcontrol>
	<controls>
		<control type="group">
			<visible>!Control.HasFocus(1000) + !Window.IsActive(dialogsettings.xml) + !Window.IsActive(dialogselect.xml) + !Window.IsActive(subtitlesearch) + !Window.IsActive(pvrosdChannels) + !Window.IsActive(pvrchannelguide)</visible>
			<include content="AnimationSlideTopWindow">
				<param name="slide">130</param>
			</include>
			<include content="AnimationSlideTopVisible">
				<param name="slide">130</param>
			</include>
			<include content="PanelWide">
				<param name="top">0</param>
				<param name="toptexture">0</param>
				<param name="topshadow">110</param>
				<param name="height">130</param>
				<param name="heighttexture">110</param>
				<param name="flipy">true</param>
			</include>
			<control type="grouplist">
				<left>5</left>
				<top>-5</top>
				<height>120</height>
				<onleft>308</onleft>
				<onright>201</onright>
				<ondown>close</ondown>
				<itemgap>-10</itemgap>
				<orientation>horizontal</orientation>
				<control type="radiobutton" id="101">
					<include content="DialogButtonOSD">
						<param name="texture" value="buttons/player/settings.png"/>
					</include>
					<onclick>SetProperty(CustomSelectGroup,$LOCALIZE[31337],home)</onclick>
					<onclick>ActivateWindow(1111)</onclick>
					<visible>!Skin.HasSetting(KioskDisableFullscreenAudio)</visible>
				</control>
				<control type="radiobutton" id="102">
					<include content="DialogButtonOSD">
						<param name="texture" value="buttons/player/visualisationpreset.png"/>
					</include>
					<onclick>ActivateWindow(visualisationpresetlist)</onclick>
					<visible>Visualisation.HasPresets + !Skin.HasSetting(MusicOSDDisableVizPresetsButton)</visible>
				</control>
				<control type="radiobutton" id="103">
					<include content="DialogButtonOSD">
						<param name="texture" value="buttons/player/visualisationsettings.png"/>
					</include>
					<onclick>Addon.Default.OpenSettings(xbmc.player.musicviz)</onclick>
					<visible>Visualisation.Enabled + !Skin.HasSetting(MusicOSDDisableVizOptionsButton)</visible>
				</control>
				<control type="radiobutton" id="500">
					<include content="DialogButtonOSD">
						<param name="texture" value="buttons/player/visualisation.png"/>
					</include>
					<visible>!Skin.HasSetting(MusicOSDDisableVizButton)</visible>
				</control>
			</control>
			<control type="grouplist">
				<top>-5</top>
				<height>120</height>
				<onright>301</onright>
				<onleft>500</onleft>
				<ondown>close</ondown>
				<align>center</align>
				<itemgap>-10</itemgap>
				<orientation>horizontal</orientation>
				<usecontrolcoords>true</usecontrolcoords>
				<control type="radiobutton" id="201">
					<include content="DialogButtonOSD">
						<param name="texture" value="buttons/player/up.png"/>
					</include>
					<onclick>ChannelUp</onclick>
					<visible>MusicPlayer.Content(LiveTV)</visible>
				</control>
				<control type="radiobutton" id="202">
					<include content="DialogButtonOSD">
						<param name="texture" value="buttons/player/down.png"/>
					</include>
					<onclick>ChannelDown</onclick>
					<visible>MusicPlayer.Content(LiveTV)</visible>
				</control>
				<control type="radiobutton" id="203">
					<include content="DialogButtonOSD">
						<param name="texture" value="buttons/player/previous.png"/>
					</include>
					<onclick>PlayerControl(Previous)</onclick>
					<visible>!MusicPlayer.Content(LiveTV) + MusicPlayer.HasPrevious</visible>
				</control>
				<control type="radiobutton" id="204">
					<include content="DialogButtonOSD">
						<param name="texture" value="buttons/player/rw.png"/>
					</include>
					<onclick>PlayerControl(Rewind)</onclick>
					<visible>Player.SeekEnabled</visible>
				</control>
				<control type="radiobutton" id="205">
					<include content="DialogButtonOSD">
						<param name="texture" value="buttons/player/stop.png"/>
					</include>
					<onclick>PlayerControl(Stop)</onclick>
				</control>
				<control type="radiobutton" id="206">
					<include>DialogButtonOSD</include>
					<onclick>PlayerControl(Play)</onclick>
					<visible>Player.PauseEnabled</visible>
				</control>
				<control type="image" id="207">
					<left>-110</left>
					<width>120</width>
					<height>120</height>
					<texture>$VAR[OSDPlayButtonVar]</texture>
					<visible>Player.PauseEnabled</visible>
				</control>
				<control type="radiobutton" id="208">
					<include content="DialogButtonOSD">
						<param name="texture" value="buttons/player/ff.png"/>
					</include>
					<onclick>PlayerControl(Forward)</onclick>
					<visible>Player.SeekEnabled</visible>
				</control>
				<control type="radiobutton" id="209">
					<include content="DialogButtonOSD">
						<param name="texture" value="buttons/player/next.png"/>
					</include>
					<onclick>PlayerControl(Next) + MusicPlayer.HasNext</onclick>
					<visible>!VideoPlayer.Content(livetv)</visible>
				</control>
				<control type="radiobutton" id="210">
					<include>DialogButtonOSD</include>
					<onclick>PVR.ToggleRecordPlayingChannel</onclick>
					<visible>PVR.CanRecordPlayingChannel</visible>
				</control>
				<control type="image" id="211">
					<left>-110</left>
					<width>120</width>
					<height>120</height>
					<texture>$VAR[OSDRecordButtonVar]</texture>
					<visible>PVR.CanRecordPlayingChannel</visible>
				</control>
			</control>
			<control type="grouplist">
				<right>5</right>
				<top>-5</top>
				<height>120</height>
				<onleft>211</onleft>
				<onright>101</onright>
				<ondown>close</ondown>
				<align>right</align>
				<itemgap>-10</itemgap>
				<orientation>horizontal</orientation>
				<usecontrolcoords>true</usecontrolcoords>
				<control type="radiobutton" id="301">
					<include content="DialogButtonOSD">
						<param name="texture" value="buttons/player/list.png"/>
					</include>
					<onclick>Dialog.Close(all,true)</onclick>
					<onclick>ActivateWindow(MusicPlaylist)</onclick>
					<visible>!MusicPlayer.Content(LiveTV) + !Skin.HasSetting(MusicOSDDisablePlaylistButton)</visible>
				</control>
				<control type="radiobutton" id="302">
					<include>DialogButtonOSD</include>
					<onclick>PlayerControl(Repeat)</onclick>
					<visible>![MusicPlayer.Content(LiveTV) | MusicPartyMode.Enabled] + !Skin.HasSetting(MusicOSDDisableRepeatButton)</visible>
				</control>
				<control type="image" id="303">
					<left>-110</left>
					<width>120</width>
					<height>120</height>
					<texture>$VAR[OSDRepeatButtonVar]</texture>
					<visible>![MusicPlayer.Content(LiveTV) | MusicPartyMode.Enabled] + !Skin.HasSetting(MusicOSDDisableRepeatButton)</visible>
				</control>
				<control type="radiobutton" id="304">
					<include>DialogButtonOSD</include>
					<onclick>PlayerControl(Random)</onclick>
					<visible>![MusicPlayer.Content(LiveTV) | MusicPartyMode.Enabled] + !Skin.HasSetting(MusicOSDDisableRandomButton)</visible>
				</control>
				<control type="image" id="305">
					<left>-110</left>
					<width>120</width>
					<height>120</height>
					<texture>$VAR[OSDRandomButtonVar]</texture>
					<visible>![MusicPlayer.Content(LiveTV) | MusicPartyMode.Enabled] + !Skin.HasSetting(MusicOSDDisableRandomButton)</visible>
				</control>
				<control type="radiobutton" id="306">
					<include content="DialogButtonOSD">
						<param name="texture" value="buttons/player/rating.png"/>
					</include>
					<onclick>SetRating</onclick>
					<visible>!Pvr.IsPlayingRadio + !Player.IsInternetStream + !Skin.HasSetting(MusicOSDDisableRatingButton)</visible>
				</control>
				<control type="radiobutton" id="307">
					<include content="DialogButtonOSD">
						<param name="texture" value="buttons/player/lyrics.png"/>
					</include>
					<onclick condition="!System.HasAddon(script.cu.lrclyrics)">InstallAddon(script.cu.lrclyrics)</onclick>
					<onclick condition="System.HasAddon(script.cu.lrclyrics)">RunScript(script.cu.lrclyrics)</onclick>
					<onclick>Close</onclick>
					<visible>!MusicPlayer.Content(LiveTV) + !Skin.HasSetting(MusicOSDDisableLyricsButton)</visible>
				</control>
				<control type="radiobutton" id="308">
					<include content="DialogButtonOSD">
						<param name="texture" value="buttons/player/channels.png"/>
					</include>
					<onclick>ActivateWindow(pvrosdChannels)</onclick>
					<visible>VideoPlayer.HasEpg</visible>
					<visible>MusicPlayer.Content(LiveTV) + !Skin.HasSetting(MusicOSDDisableChannelsButton)</visible>
				</control>
				<control type="radiobutton" id="309">
					<include content="DialogButtonOSD">
						<param name="texture" value="buttons/player/guide.png"/>
					</include>
					<onclick>ActivateWindow(pvrchannelguide)</onclick>
					<visible>VideoPlayer.HasEpg</visible>
					<visible>MusicPlayer.Content(LiveTV) + !Skin.HasSetting(MusicOSDDisableGuideButton)</visible>
				</control>
			</control>
		</control>
		<!-- Button to prevent menu popup from mouse move unless at top of screen -->
		<control type="button" id="1000">
			<animation effect="slide" end="0,130" condition="Window.IsVisible(musicosd)">Conditional</animation>
			<top>1</top>
			<width>1920</width>
			<height>1080</height>
			<onleft>close</onleft>
			<onright>close</onright>
			<onup>close</onup>
			<ondown>close</ondown>
			<onclick>close</onclick>
			<texturefocus/>
			<texturenofocus/>
		</control>
	</controls>
</window>