<?xml version="1.0" encoding="utf-8"?>
<window>
	<defaultcontrol always="true">50</defaultcontrol>
	<views>50,51,53,54,55,56,57,58,500,501,502,503,504,505,506,507,508,509,510,511,512,520,521,522,523,530,531,532,533,540,541,542,543</views>
	<menucontrol>9050</menucontrol>
	<controls>
		<!-- Background -->
		<include content="BackgroundDefault">
			<param name="imagepath">$VAR[VideoBackgroundVar]</param>
			<param name="animatedfanart">Skin.HasSetting(VideoAnimatedFanart)</param>
		</include>
		<!-- Movie set / TV show season cover background -->
		<control type="list" id="7001">
			<visible>[Skin.HasSetting(VideoSetCover) + String.IsEqual(ListItem.DBTYPE,set)] | [Skin.HasSetting(VideoSeasonCover) + String.IsEqual(ListItem.DBTYPE,tvshow)]</visible>
			<include>HiddenList</include>
			<content limit="10" sortby="year">$INFO[ListItem.FolderPath]</content>
		</control>
		<!-- Genre cover background / Subfolder fanart / Item counts -->
		<control type="list" id="7002">
			<visible>String.StartsWith(ListItem.FolderPath,videodb)</visible>
			<include>HiddenList</include>
			<content>$VAR[VideoFolderPathVar]</content>
		</control>
		<!-- Subfolder fanart -->
		<control type="fadelabel" id="7003">
			<visible>!ListItem.IsParentFolder + [Container.Content(genres) | Container.Content(years) | Container.Content(actors) | Container.Content(directors) | Container.Content(studios) | Container.Content(countries) | Container.Content(artists) | Container.Content(albums)]</visible>
			<top>-1000</top>
			<width>1</width>
			<height>1</height>
			<scroll>false</scroll>
			<randomize>true</randomize>
			<scrollout>false</scrollout>
			<include>FadeLabelTime</include>
			<resetonlabelchange>true</resetonlabelchange>
			<label>$INFO[Container(7002).ListItem(0).Art(fanart)]</label>
			<label>$INFO[Container(7002).ListItem(1).Art(fanart)]</label>
			<label>$INFO[Container(7002).ListItem(2).Art(fanart)]</label>
			<label>$INFO[Container(7002).ListItem(3).Art(fanart)]</label>
			<label>$INFO[Container(7002).ListItem(4).Art(fanart)]</label>
			<label>$INFO[Container(7002).ListItem(5).Art(fanart)]</label>
			<label>$INFO[Container(7002).ListItem(6).Art(fanart)]</label>
			<label>$INFO[Container(7002).ListItem(7).Art(fanart)]</label>
			<label>$INFO[Container(7002).ListItem(8).Art(fanart)]</label>
			<label>$INFO[Container(7002).ListItem(9).Art(fanart)]</label>
		</control>
		<!-- Extra fanart -->
		<control type="fadelabel" id="7004">
			<visible>!Skin.HasSetting(DisableVideoExtraFanart)</visible>
			<top>-1000</top>
			<width>1</width>
			<height>1</height>
			<scroll>false</scroll>
			<randomize>true</randomize>
			<scrollout>false</scrollout>
			<include>FadeLabelTime</include>
			<resetonlabelchange>true</resetonlabelchange>
			<label>$INFO[ListItem.Art(fanart)]</label>
			<label>$INFO[ListItem.Art(fanart1)]</label>
			<label>$INFO[ListItem.Art(fanart2)]</label>
			<label>$INFO[ListItem.Art(fanart3)]</label>
			<label>$INFO[ListItem.Art(fanart4)]</label>
			<label>$INFO[ListItem.Art(fanart5)]</label>
			<label>$INFO[ListItem.Art(fanart6)]</label>
			<label>$INFO[ListItem.Art(fanart7)]</label>
			<label>$INFO[ListItem.Art(fanart8)]</label>
			<label>$INFO[ListItem.Art(fanart9)]</label>
			<label>$INFO[ListItem.Art(fanart10)]</label>
			<label>$INFO[ListItem.Art(tvshow.fanart)]</label>
			<label>$INFO[ListItem.Art(tvshow.fanart1)]</label>
			<label>$INFO[ListItem.Art(tvshow.fanart2)]</label>
			<label>$INFO[ListItem.Art(tvshow.fanart3)]</label>
			<label>$INFO[ListItem.Art(tvshow.fanart4)]</label>
			<label>$INFO[ListItem.Art(tvshow.fanart5)]</label>
			<label>$INFO[ListItem.Art(tvshow.fanart6)]</label>
			<label>$INFO[ListItem.Art(tvshow.fanart7)]</label>
			<label>$INFO[ListItem.Art(tvshow.fanart8)]</label>
			<label>$INFO[ListItem.Art(tvshow.fanart9)]</label>
			<label>$INFO[ListItem.Art(tvshow.fanart10)]</label>
		</control>
		<control type="group">
			<visible>!Window.IsActive(movieinformation) + !Window.IsActive(script-embuary-person.xml) + !Window.IsActive(script-embuary-video.xml)</visible>
			<include>AnimationVisibleFade</include>
			<!-- List -->
			<include>View50CoverList</include>
			<include>View51SimpleList</include>
			<include condition="!Skin.HasSetting(DisableViewInfo1)">View53InfoList1</include>
			<include condition="!Skin.HasSetting(DisableViewInfo2)">View54InfoList2</include>
			<include condition="!Skin.HasSetting(DisableViewLow)">View55LowList</include>
			<include condition="!Skin.HasSetting(DisableView3Panel)">View563Panel</include>
			<include condition="!Skin.HasSetting(DisableView3PanelSquare)">View573PanelSquare</include>
			<include condition="!Skin.HasSetting(DisableViewRightList)">View58RightList</include>
			<!-- Cover flow -->
			<include condition="!Skin.HasSetting(DisableViewPortrait)">View500Portrait</include>
			<include condition="!Skin.HasSetting(DisableViewSquare)">View501Square</include>
			<include condition="!Skin.HasSetting(DisableViewBanner)">View502Banner</include>
			<include condition="!Skin.HasSetting(DisableViewLandscape)">View503Landscape</include>
			<include condition="!Skin.HasSetting(DisableViewFocus)">View504Focus</include>
			<include condition="!Skin.HasSetting(DisableViewFocusSquare)">View505FocusSquare</include>
			<include condition="!Skin.HasSetting(DisableViewCascade)">View506Cascade</include>
			<include condition="!Skin.HasSetting(DisableViewCascadeSquare)">View507CascadeSquare</include>
			<include condition="!Skin.HasSetting(DisableViewShowCase)">View508Showcase</include>
			<include condition="!Skin.HasSetting(DisableViewShowCaseSquare)">View509ShowcaseSquare</include>
			<include condition="!Skin.HasSetting(DisableViewKodiflix)">View510KodiFlix</include>
			<include condition="!Skin.HasSetting(DisableViewKodiflixSquare)">View511KodiFlixSquare</include>
			<include condition="!Skin.HasSetting(DisableViewKodiflixLandscape)">View512KodiFlixLandscape</include>
			<!-- Icon -->
			<include condition="!Skin.HasSetting(DisableViewPortraitIcon)">View520PortraitIcon</include>
			<include condition="!Skin.HasSetting(DisableViewSquareIcon)">View521SquareIcon</include>
			<include condition="!Skin.HasSetting(DisableViewBannerIcon)">View522BannerIcon</include>
			<include condition="!Skin.HasSetting(DisableViewLandscapeIcon)">View523LandscapeIcon</include>
			<!-- Icon info-->
			<include condition="!Skin.HasSetting(DisableViewPortraitIconInfo)">View530PortraitIconInfo</include>
			<include condition="!Skin.HasSetting(DisableViewSquareIconInfo)">View531SquareIconInfo</include>
			<include condition="!Skin.HasSetting(DisableViewBannerIconInfo)">View532BannerIconInfo</include>
			<include condition="!Skin.HasSetting(DisableViewLandscapeIconInfo)">View533LandscapeIconInfo</include>
			<!-- Wall -->
			<include condition="!Skin.HasSetting(DisableViewPortraitWall)">View540PortraitWall</include>
			<include condition="!Skin.HasSetting(DisableViewSquareWall)">View541SquareWall</include>
			<include condition="!Skin.HasSetting(DisableViewBannerWall)">View542BannerWall</include>
			<include condition="!Skin.HasSetting(DisableViewLandscapeWall)">View543LandscapeWall</include>
			<!-- Studio Logo check if image exists -->
			<control type="image" id="811112">
				<include>HiddenObject</include>
				<texture fallback="none">$VAR[StudioIconsVar]</texture>
			</control>
			<!-- Topbar -->
			<include content="TopBar">
				<param name="visible">!Skin.HasSetting(VideosHideTopBar)</param>
				<param name="icon">$VAR[BreadcrumbsVideoIconVar]</param>
				<param name="label">$VAR[BreadcrumbsVideoVar]</param>
			</include>
		</control>
		<!-- Jump to Letter -->
		<include>JumptoLetter</include>
		<!-- Media Menu -->
		<include content="MediaMenu">
			<param name="contentvisible">true</param>
			<param name="commontopvisible">true</param>
			<param name="content">MediaMenuVideos</param>
			<param name="navigationid">50</param>
		</include>
	</controls>
</window>