<?xml version="1.0" encoding="UTF-8"?>
<window>
	<defaultcontrol always="true">110</defaultcontrol>
	<zorder>0</zorder>
	<controls>
		<!-- Default lyrics -->
		<control type="group">
			<visible>Player.HasAudio</visible>
			<animation effect="slide" end="0,202" time="480" tween="cubic" easing="out" condition="!Player.ShowInfo + !Skin.String(MusicOSDInfo,persistant)">conditional</animation>
			<include>AnimationVisibleFade</include>
			<control type="list" id="110">
				<top>50</top>
				<left>50</left>
				<right>50</right>
				<bottom>455</bottom>
				<onleft>PlayerControl(previous)</onleft>
				<onright>PlayerControl(next)</onright>
				<onup>110</onup>
				<ondown>110</ondown>
				<itemlayout height="82">
					<control type="label">
						<top>5</top>
						<left>5</left>
						<align>center</align>
						<font>Font38_Bold</font>
						<label>$INFO[ListItem.Label]</label>
						<textcolor>$VAR[LyricShadowColorVar]</textcolor>
					</control>
					<control type="label">
						<align>center</align>
						<font>Font38_Bold</font>
						<label>$INFO[ListItem.Label]</label>
						<textcolor>$VAR[LyricTextColorVar]</textcolor>
					</control>
				</itemlayout>
				<focusedlayout height="82">
					<control type="label">
						<top>5</top>
						<left>5</left>
						<align>center</align>
						<font>Font38_Bold</font>
						<label>$INFO[ListItem.Label]</label>
						<textcolor>$VAR[LyricShadowColorVar]</textcolor>
					</control>
					<control type="label">
						<align>center</align>
						<font>Font38_Bold</font>
						<label>$INFO[ListItem.Label]</label>
						<textcolor>$VAR[LyricHighlightColorVar]</textcolor>
					</control>
				</focusedlayout>
			</control>
		</control>
		<!-- Animated lyrics -->
		<control type="group">
			<visible>Player.HasAudio + !Skin.HasSetting(MusicOSDDisableAnimatedLyrics)</visible>
			<include>AnimationVisibleFade</include>
			<animation effect="slide" end="0,202" time="480" tween="cubic" easing="out" condition="!Player.ShowInfo + !Skin.String(MusicOSDInfo,persistant)">conditional</animation>
			<!-- Line 1 -->
			<control type="group">
				<visible>String.IsEqual(Container(110).Currentitem,1) | String.EndsWith(Container(110).Currentitem,16) | String.EndsWith(Container(110).Currentitem,31) | String.EndsWith(Container(110).Currentitem,46) | String.EndsWith(Container(110).Currentitem,61) | String.EndsWith(Container(110).Currentitem,76) | String.EndsWith(Container(110).Currentitem,91) | String.EndsWith(Container(110).Currentitem,06)</visible>
				<top>185</top>
				<height>675</height>
				<control type="grouplist">
					<top>5</top>
					<left>5</left>
					<itemgap>30</itemgap>
					<align>center</align>
					<orientation>horizontal</orientation>
					<include content="Line1">
						<param name="slide">100</param>
						<param name="zoom">300</param>
						<param name="label">$INFO[Container(110).ListItem.Property(part1)]</param>
					</include>
					<include content="Line1">
						<param name="slide">200</param>
						<param name="zoom">400</param>
						<param name="label">$INFO[Container(110).ListItem.Property(part2)]</param>
					</include>
					<include content="Line1">
						<param name="slide">300</param>
						<param name="zoom">500</param>
						<param name="label">$INFO[Container(110).ListItem.Property(part3)]</param>
					</include>
				</control>
				<control type="grouplist">
					<itemgap>30</itemgap>
					<align>center</align>
					<orientation>horizontal</orientation>
					<include content="Line1">
						<param name="slide">100</param>
						<param name="zoom">300</param>
						<param name="color">ff69bbd3</param>
						<param name="label">$INFO[Container(110).ListItem.Property(part1)]</param>
					</include>
					<include content="Line1">
						<param name="slide">200</param>
						<param name="zoom">400</param>
						<param name="color">ffe16b6b</param>
						<param name="label">$INFO[Container(110).ListItem.Property(part2)]</param>
					</include>
					<include content="Line1">
						<param name="slide">300</param>
						<param name="zoom">500</param>
						<param name="color">fff8e950</param>
						<param name="label">$INFO[Container(110).ListItem.Property(part3)]</param>
					</include>
				</control>
				<control type="group">
					<top>102</top>
					<control type="label">
						<visible>!Container(110).OnNext + !Container(110).OnPrevious</visible>
						<animation type="Visible" reversible="false">
							<effect type="fade" end="100" delay="200" time="200"/>
							<effect type="zoom" center="auto" delay="200" start="25" end="100" time="600"/>
						</animation>
						<top>5</top>
						<left>365</left>
						<width>1200</width>
						<height>180</height>
						<aligny>top</aligny>
						<align>center</align>
						<wrapmultiline>true</wrapmultiline>
						<font>Font60_Lowercase_Lyrics</font>
						<textcolor>black</textcolor>
						<label>$INFO[Container(110).ListItem.Property(part4)]</label>
					</control>
					<control type="label">
						<visible>!Container(110).OnNext + !Container(110).OnPrevious</visible>
						<animation type="Visible" reversible="false">
							<effect type="fade" end="100" delay="200" time="200"/>
							<effect type="zoom" center="auto" delay="200" start="25" end="100" time="600"/>
						</animation>
						<left>360</left>
						<width>1200</width>
						<height>180</height>
						<aligny>top</aligny>
						<align>center</align>
						<wrapmultiline>true</wrapmultiline>
						<font>Font60_Lowercase_Lyrics</font>
						<textcolor>fffffaf0</textcolor>
						<label>$INFO[Container(110).ListItem.Property(part4)]</label>
					</control>
				</control>
			</control>
			<!-- Line 2 -->
			<control type="group">
				<visible>String.IsEqual(Container(110).Currentitem,2) | String.EndsWith(Container(110).Currentitem,17) | String.EndsWith(Container(110).Currentitem,32) | String.EndsWith(Container(110).Currentitem,47) | String.EndsWith(Container(110).Currentitem,62) | String.EndsWith(Container(110).Currentitem,77) | String.EndsWith(Container(110).Currentitem,92) | String.EndsWith(Container(110).Currentitem,07)</visible>
				<top>188</top>
				<height>675</height>
				<control type="grouplist">
					<top>5</top>
					<left>5</left>
					<itemgap>30</itemgap>
					<align>center</align>
					<orientation>horizontal</orientation>
					<include content="Line2">
						<param name="label">$INFO[Container(110).ListItem.Property(part1)]</param>
					</include>
					<include content="Line2">
						<param name="start">400</param>
						<param name="label">$INFO[Container(110).ListItem.Property(part2)]</param>
					</include>
				</control>
				<control type="grouplist">
					<itemgap>30</itemgap>
					<align>center</align>
					<orientation>horizontal</orientation>
					<include content="Line2">
						<param name="color">ff4cb050</param>
						<param name="label">$INFO[Container(110).ListItem.Property(part1)]</param>
					</include>
					<include content="Line2">
						<param name="start">400</param>
						<param name="color">fffec106</param>
						<param name="label">$INFO[Container(110).ListItem.Property(part2)]</param>
					</include>
				</control>
				<control type="group">
					<top>124</top>
					<control type="grouplist">
						<top>5</top>
						<left>5</left>
						<itemgap>30</itemgap>
						<align>center</align>
						<orientation>horizontal</orientation>
						<include content="Line2">
							<param name="start">400</param>
							<param name="label">$INFO[Container(110).ListItem.Property(part3)]</param>
						</include>
						<control type="label">
							<visible>!Container(110).OnNext + !Container(110).OnPrevious</visible>
							<animation type="Visible" reversible="false">
								<effect type="fade" end="100" time="200"/>
								<effect type="zoom" center="480,200" start="0" end="100" time="800"/>
							</animation>
							<animation effect="slide" end="0,12" condition="true">Conditional</animation>
							<width max="700">auto</width>
							<height>250</height>
							<aligny>top</aligny>
							<align>left</align>
							<wrapmultiline>true</wrapmultiline>
							<font>Font60_Lowercase_Lyrics</font>
							<textcolor>black</textcolor>
							<label>$INFO[Container(110).ListItem.Property(part4)]</label>
						</control>
					</control>
					<control type="grouplist">
						<itemgap>30</itemgap>
						<align>center</align>
						<orientation>horizontal</orientation>
						<include content="Line2">
							<param name="start">400</param>
							<param name="color">ff2095f4</param>
							<param name="label">$INFO[Container(110).ListItem.Property(part3)]</param>
						</include>
						<control type="label">
							<visible>!Container(110).OnNext + !Container(110).OnPrevious</visible>
							<animation type="Visible" reversible="false">
								<effect type="fade" end="100" time="200"/>
								<effect type="zoom" center="480,200" start="0" end="100" time="800"/>
							</animation>
							<animation effect="slide" end="0,12" condition="true">Conditional</animation>
							<width max="700">auto</width>
							<height>250</height>
							<aligny>top</aligny>
							<align>left</align>
							<wrapmultiline>true</wrapmultiline>
							<font>Font60_Lowercase_Lyrics</font>
							<textcolor>fffffaf0</textcolor>
							<label>$INFO[Container(110).ListItem.Property(part4)]</label>
						</control>
					</control>
				</control>
			</control>
			<!-- Line 3 -->
			<control type="group">
				<visible>String.IsEqual(Container(110).Currentitem,3) | String.EndsWith(Container(110).Currentitem,18) | String.EndsWith(Container(110).Currentitem,33) | String.EndsWith(Container(110).Currentitem,48) | String.EndsWith(Container(110).Currentitem,63) | String.EndsWith(Container(110).Currentitem,78) | String.EndsWith(Container(110).Currentitem,93) | String.EndsWith(Container(110).Currentitem,08)</visible>
				<top>185</top>
				<height>675</height>
				<control type="grouplist">
					<top>5</top>
					<left>5</left>
					<itemgap>30</itemgap>
					<align>center</align>
					<orientation>horizontal</orientation>
					<include content="Line3">
						<param name="label">$INFO[Container(110).ListItem.Property(part1)]</param>
					</include>
					<include content="Line3">
						<param name="rotate">-15</param>
						<param name="label">$INFO[Container(110).ListItem.Property(part2)]</param>
					</include>
					<include content="Line3">
						<param name="label">$INFO[Container(110).ListItem.Property(part3)]</param>
					</include>
				</control>
				<control type="grouplist">
					<itemgap>30</itemgap>
					<align>center</align>
					<orientation>horizontal</orientation>
					<include content="Line3">
						<param name="color">ffff9a32</param>
						<param name="label">$INFO[Container(110).ListItem.Property(part1)]</param>
					</include>
					<include content="Line3">
						<param name="rotate">-15</param>
						<param name="color">ffbcfb24</param>
						<param name="label">$INFO[Container(110).ListItem.Property(part2)]</param>
					</include>
					<include content="Line3">
						<param name="color">ff9a9699</param>
						<param name="label">$INFO[Container(110).ListItem.Property(part3)]</param>
					</include>
				</control>
				<control type="group">
					<top>102</top>
					<control type="label">
						<visible>!Container(110).OnNext + !Container(110).OnPrevious</visible>
						<animation type="Visible" reversible="false">
							<effect type="fade" end="100" delay="300" time="200"/>
							<effect type="slide" delay="300" start="0,250" end="0" time="250"/>
							<effect type="rotate" delay="300" center="auto" start="4" end="0" time="500" tween="bounce" easing="out"/>
						</animation>
						<top>5</top>
						<left>365</left>
						<width>1200</width>
						<height>180</height>
						<aligny>top</aligny>
						<align>center</align>
						<wrapmultiline>true</wrapmultiline>
						<font>Font60_Lowercase_Lyrics</font>
						<textcolor>black</textcolor>
						<label>$INFO[Container(110).ListItem.Property(part4)]</label>
					</control>
					<control type="label">
						<visible>!Container(110).OnNext + !Container(110).OnPrevious</visible>
						<animation type="Visible" reversible="false">
							<effect type="fade" end="100" delay="300" time="200"/>
							<effect type="slide" delay="300" start="0,250" end="0" time="250"/>
							<effect type="rotate" delay="300" center="auto" start="4" end="0" time="500" tween="bounce" easing="out"/>
						</animation>
						<left>360</left>
						<width>1200</width>
						<height>180</height>
						<aligny>top</aligny>
						<align>center</align>
						<wrapmultiline>true</wrapmultiline>
						<font>Font60_Lowercase_Lyrics</font>
						<textcolor>fffffaf0</textcolor>
						<label>$INFO[Container(110).ListItem.Property(part4)]</label>
					</control>
				</control>
			</control>
			<!-- Line 4 -->
			<control type="group">
				<visible>String.IsEqual(Container(110).Currentitem,4) | String.EndsWith(Container(110).Currentitem,19) | String.EndsWith(Container(110).Currentitem,34) | String.EndsWith(Container(110).Currentitem,49) | String.EndsWith(Container(110).Currentitem,64) | String.EndsWith(Container(110).Currentitem,79) | String.EndsWith(Container(110).Currentitem,94) | String.EndsWith(Container(110).Currentitem,09)</visible>
				<top>172</top>
				<height>675</height>
				<control type="grouplist">
					<top>5</top>
					<left>5</left>
					<itemgap>25</itemgap>
					<animation effect="rotate" center="auto" start="5" end="5" condition="true">Conditional</animation>
					<include content="Line4">
						<param name="slide">-280,-280</param>
						<param name="time">200</param>
						<param name="label">$INFO[Container(110).ListItem.Property(part1)]</param>
					</include>
					<include content="Line4">
						<param name="slide">-280,-280</param>
						<param name="time">300</param>
						<param name="label">$INFO[Container(110).ListItem.Property(part2)]$INFO[Container(110).ListItem.Property(part3), ]</param>
					</include>
				</control>
				<control type="grouplist">
					<itemgap>25</itemgap>
					<animation effect="rotate" center="auto" start="5" end="5" condition="true">Conditional</animation>
					<include content="Line4">
						<param name="slide">-280,-280</param>
						<param name="time">200</param>
						<param name="color">ffFF4E50</param>
						<param name="label">$INFO[Container(110).ListItem.Property(part1)]</param>
					</include>
					<include content="Line4">
						<param name="slide">-280,-280</param>
						<param name="time">300</param>
						<param name="color">ffFC913A</param>
						<param name="label">$INFO[Container(110).ListItem.Property(part2)][COLOR ffF9D423]$INFO[Container(110).ListItem.Property(part3), ][/COLOR]</param>
					</include>
				</control>
				<control type="label">
					<visible>!Container(110).OnNext + !Container(110).OnPrevious</visible>
					<animation effect="rotate" center="auto" start="5" end="5" condition="true">Conditional</animation>
					<animation type="Visible" reversible="false">
						<effect type="fade" end="100" delay="500" time="200"/>
						<effect type="slide" delay="500" start="0,160" time="300"/>
					</animation>
					<top>241</top>
					<left>360</left>
					<width>1200</width>
					<height>180</height>
					<aligny>top</aligny>
					<align>center</align>
					<wrapmultiline>true</wrapmultiline>
					<font>Font55_Lowercase_Lyrics</font>
					<textcolor>black</textcolor>
					<label>$INFO[Container(110).ListItem.Property(part4)]</label>
				</control>
				<control type="label">
					<visible>!Container(110).OnNext + !Container(110).OnPrevious</visible>
					<animation effect="rotate" center="auto" start="5" end="5" condition="true">Conditional</animation>
					<animation type="Visible" reversible="false">
						<effect type="fade" end="100" delay="500" time="200"/>
						<effect type="slide" delay="500" start="0,160" time="300"/>
						<effect type="slide" end="-5"/>
					</animation>
					<top>236</top>
					<left>360</left>
					<width>1200</width>
					<height>180</height>
					<aligny>top</aligny>
					<align>center</align>
					<wrapmultiline>true</wrapmultiline>
					<font>Font55_Lowercase_Lyrics</font>
					<textcolor>fffffaf0</textcolor>
					<label>$INFO[Container(110).ListItem.Property(part4)]</label>
				</control>
			</control>
			<!-- Line 5 -->
			<control type="group">
				<visible>String.IsEqual(Container(110).Currentitem,5) | String.EndsWith(Container(110).Currentitem,20) | String.EndsWith(Container(110).Currentitem,35) | String.EndsWith(Container(110).Currentitem,50) | String.EndsWith(Container(110).Currentitem,65) | String.EndsWith(Container(110).Currentitem,80) | String.EndsWith(Container(110).Currentitem,95)</visible>
				<top>182</top>
				<height>675</height>
				<control type="grouplist">
					<top>5</top>
					<left>5</left>
					<itemgap>9</itemgap>
					<include content="Line5">
						<param name="align">right</param>
						<param name="label">$INFO[Container(110).ListItem.Property(part1)]</param>
					</include>
					<include content="Line5">
						<param name="delay">150</param>
						<param name="align">right</param>
						<param name="label">$INFO[Container(110).ListItem.Property(part2)]</param>
					</include>
				</control>
				<control type="grouplist">
					<itemgap>9</itemgap>
					<include content="Line5">
						<param name="align">right</param>
						<param name="color">ff00bfc0</param>
						<param name="label">$INFO[Container(110).ListItem.Property(part1)]</param>
					</include>
					<include content="Line5">
						<param name="delay">150</param>
						<param name="align">right</param>
						<param name="color">ff98ea33</param>
						<param name="label">$INFO[Container(110).ListItem.Property(part2)]</param>
					</include>
				</control>
				<control type="group">
					<top>144</top>
					<left>980</left>
					<control type="grouplist">
						<top>5</top>
						<left>5</left>
						<itemgap>2</itemgap>
						<include content="Line5">
							<param name="delay">300</param>
							<param name="slide">1950</param>
							<param name="label">$INFO[Container(110).ListItem.Property(part3)]</param>
						</include>
						<control type="label">
							<visible>!Container(110).OnNext + !Container(110).OnPrevious</visible>
							<animation type="Visible" reversible="false">
								<effect type="fade" delay="500" end="100" time="200"/>
								<effect type="slide" delay="500" start="1950,0" time="300"/>
							</animation>
							<width>700</width>
							<height>250</height>
							<aligny>top</aligny>
							<align>left</align>
							<wrapmultiline>true</wrapmultiline>
							<font>Font55_Lowercase_Lyrics</font>
							<textcolor>black</textcolor>
							<label>$INFO[Container(110).ListItem.Property(part4)]</label>
						</control>
					</control>
					<control type="grouplist">
						<itemgap>2</itemgap>
						<include content="Line5">
							<param name="delay">300</param>
							<param name="slide">1950</param>
							<param name="color">fffffaf0</param>
							<param name="label">$INFO[Container(110).ListItem.Property(part3)]</param>
						</include>
						<control type="label">
							<visible>!Container(110).OnNext + !Container(110).OnPrevious</visible>
							<animation type="Visible" reversible="false">
								<effect type="fade" delay="500" end="100" time="200"/>
								<effect type="slide" delay="500" start="1950,0" time="300"/>
							</animation>
							<width>700</width>
							<height>250</height>
							<aligny>top</aligny>
							<align>left</align>
							<wrapmultiline>true</wrapmultiline>
							<font>Font55_Lowercase_Lyrics</font>
							<textcolor>ffdaa8ea</textcolor>
							<label>$INFO[Container(110).ListItem.Property(part4)]</label>
						</control>
					</control>
				</control>
			</control>
			<!-- Line 6 -->
			<control type="group">
				<visible>String.IsEqual(Container(110).Currentitem,6) | String.EndsWith(Container(110).Currentitem,21) | String.EndsWith(Container(110).Currentitem,36) | String.EndsWith(Container(110).Currentitem,51) | String.EndsWith(Container(110).Currentitem,66) | String.EndsWith(Container(110).Currentitem,81) | String.EndsWith(Container(110).Currentitem,96)</visible>
				<top>185</top>
				<height>675</height>
				<control type="grouplist">
					<top>5</top>
					<left>5</left>
					<itemgap>30</itemgap>
					<align>center</align>
					<orientation>horizontal</orientation>
					<include content="Line6">
						<param name="label">$INFO[Container(110).ListItem.Property(part1)]</param>
					</include>
					<include content="Line6">
						<param name="delay">100</param>
						<param name="label">$INFO[Container(110).ListItem.Property(part2)]</param>
					</include>
					<include content="Line6">
						<param name="delay">200</param>
						<param name="label">$INFO[Container(110).ListItem.Property(part3)]</param>
					</include>
				</control>
				<control type="grouplist">
					<itemgap>30</itemgap>
					<align>center</align>
					<orientation>horizontal</orientation>
					<include content="Line6">
						<param name="color">ff69bbd3</param>
						<param name="label">$INFO[Container(110).ListItem.Property(part1)]</param>
					</include>
					<include content="Line6">
						<param name="delay">100</param>
						<param name="color">ffe16b6b</param>
						<param name="label">$INFO[Container(110).ListItem.Property(part2)]</param>
					</include>
					<include content="Line6">
						<param name="delay">200</param>
						<param name="color">fff8e950</param>
						<param name="label">$INFO[Container(110).ListItem.Property(part3)]</param>
					</include>
				</control>
				<control type="group">
					<top>102</top>
					<control type="label">
						<visible>!Container(110).OnNext + !Container(110).OnPrevious</visible>
						<animation type="Visible" reversible="false">
							<effect type="fade" delay="300" end="100" time="200"/>
							<effect type="slide" delay="300" start="0,200" end="0,0" time="500"/>
						</animation>
						<top>5</top>
						<left>365</left>
						<width>1200</width>
						<height>180</height>
						<aligny>top</aligny>
						<align>center</align>
						<wrapmultiline>true</wrapmultiline>
						<font>Font60_Lowercase_Lyrics</font>
						<textcolor>black</textcolor>
						<label>$INFO[Container(110).ListItem.Property(part4)]</label>
					</control>
					<control type="label">
						<visible>!Container(110).OnNext + !Container(110).OnPrevious</visible>
						<animation type="Visible" reversible="false">
							<effect type="fade" delay="300" end="100" time="200"/>
							<effect type="slide" delay="300" start="0,200" end="0,0" time="500"/>
						</animation>
						<left>360</left>
						<width>1200</width>
						<height>180</height>
						<aligny>top</aligny>
						<align>center</align>
						<wrapmultiline>true</wrapmultiline>
						<font>Font60_Lowercase_Lyrics</font>
						<textcolor>fffffaf0</textcolor>
						<label>$INFO[Container(110).ListItem.Property(part4)]</label>
					</control>
				</control>
			</control>
			<!-- Line 7 -->
			<control type="group">
				<visible>String.IsEqual(Container(110).Currentitem,7) | String.EndsWith(Container(110).Currentitem,22) | String.EndsWith(Container(110).Currentitem,37) | String.EndsWith(Container(110).Currentitem,52) | String.EndsWith(Container(110).Currentitem,67) | String.EndsWith(Container(110).Currentitem,82) | String.EndsWith(Container(110).Currentitem,97)</visible>
				<top>175</top>
				<height>675</height>
				<control type="grouplist">
					<top>5</top>
					<left>5</left>
					<itemgap>1</itemgap>
					<include content="Line7">
						<param name="font">Font80_Caps_Lyrics</param>
						<param name="label">$INFO[Container(110).ListItem.Property(part1)]</param>
					</include>
					<include content="Line7">
						<param name="delay">150</param>
						<param name="font">Font90_Caps_Lyrics</param>
						<param name="label">$INFO[Container(110).ListItem.Property(part2)]</param>
					</include>
					<control type="label">
						<height>12</height>
					</control>
					<include content="Line7">
						<param name="delay">300</param>
						<param name="font">Font100_Caps_Lyrics</param>
						<param name="label">$INFO[Container(110).ListItem.Property(part3)]</param>
					</include>
				</control>
				<control type="grouplist">
					<itemgap>1</itemgap>
					<include content="Line7">
						<param name="color">ffEA80FC</param>
						<param name="font">Font80_Caps_Lyrics</param>
						<param name="label">$INFO[Container(110).ListItem.Property(part1)]</param>
					</include>
					<include content="Line7">
						<param name="delay">150</param>
						<param name="color">ffFFEB3B</param>
						<param name="font">Font90_Caps_Lyrics</param>
						<param name="label">$INFO[Container(110).ListItem.Property(part2)]</param>
					</include>
					<control type="label">
						<height>12</height>
					</control>
					<include content="Line7">
						<param name="delay">300</param>
						<param name="color">ff4DD0E1</param>
						<param name="font">Font100_Caps_Lyrics</param>
						<param name="label">$INFO[Container(110).ListItem.Property(part3)]</param>
					</include>
				</control>
				<control type="group">
					<top>112</top>
					<control type="label">
						<visible>!Container(110).OnNext + !Container(110).OnPrevious</visible>
						<animation type="Visible" reversible="false">
							<effect type="fade" delay="300" start="0" time="200"/>
							<effect type="zoom" delay="300" center="auto" start="0" end="100" time="300"/>
							<effect type="rotate" delay="300" center="auto" start="4" end="0" time="500" tween="bounce" easing="out"/>
						</animation>
						<top>5</top>
						<left>975</left>
						<width>700</width>
						<height>250</height>
						<aligny>top</aligny>
						<wrapmultiline>true</wrapmultiline>
						<font>Font60_Lowercase_Lyrics</font>
						<textcolor>black</textcolor>
						<label>$INFO[Container(110).ListItem.Property(part4)]</label>
					</control>
					<control type="label">
						<visible>!Container(110).OnNext + !Container(110).OnPrevious</visible>
						<animation type="Visible" reversible="false">
							<effect type="fade" delay="300" start="0" time="200"/>
							<effect type="zoom" delay="300" center="auto" start="0" end="100" time="300"/>
							<effect type="rotate" delay="300" center="auto" start="4" end="0" time="500" tween="bounce" easing="out"/>
						</animation>
						<left>975</left>
						<width>700</width>
						<height>250</height>
						<aligny>top</aligny>
						<wrapmultiline>true</wrapmultiline>
						<font>Font60_Lowercase_Lyrics</font>
						<textcolor>fffffaf0</textcolor>
						<label>$INFO[Container(110).ListItem.Property(part4)]</label>
					</control>
				</control>
			</control>
			<!-- Line 8 -->
			<control type="group">
				<visible>String.IsEqual(Container(110).Currentitem,8) | String.EndsWith(Container(110).Currentitem,23) | String.EndsWith(Container(110).Currentitem,38) | String.EndsWith(Container(110).Currentitem,53) | String.EndsWith(Container(110).Currentitem,68) | String.EndsWith(Container(110).Currentitem,83) | String.EndsWith(Container(110).Currentitem,98)</visible>
				<top>185</top>
				<height>675</height>
				<control type="grouplist">
					<top>5</top>
					<left>5</left>
					<itemgap>30</itemgap>
					<align>center</align>
					<orientation>horizontal</orientation>
					<include content="Line8">
						<param name="time">300</param>
						<param name="rotate">rotatey</param>
						<param name="label">$INFO[Container(110).ListItem.Property(part1)]</param>
					</include>
					<include content="Line8">
						<param name="time">400</param>
						<param name="rotate">rotatex</param>
						<param name="label">$INFO[Container(110).ListItem.Property(part2)]</param>
					</include>
					<include content="Line8">
						<param name="time">500</param>
						<param name="rotate">rotate</param>
						<param name="label">$INFO[Container(110).ListItem.Property(part3)]</param>
					</include>
				</control>
				<control type="grouplist">
					<itemgap>30</itemgap>
					<align>center</align>
					<orientation>horizontal</orientation>
					<include content="Line8">
						<param name="time">300</param>
						<param name="rotate">rotatey</param>
						<param name="color">ff4cb050</param>
						<param name="label">$INFO[Container(110).ListItem.Property(part1)]</param>
					</include>
					<include content="Line8">
						<param name="time">400</param>
						<param name="rotate">rotatex</param>
						<param name="color">fffec106</param>
						<param name="label">$INFO[Container(110).ListItem.Property(part2)]</param>
					</include>
					<include content="Line8">
						<param name="time">500</param>
						<param name="rotate">rotate</param>
						<param name="color">ff2095f4</param>
						<param name="label">$INFO[Container(110).ListItem.Property(part3)]</param>
					</include>
				</control>
				<control type="group">
					<top>102</top>
					<control type="label">
						<visible>!Container(110).OnNext + !Container(110).OnPrevious</visible>
						<animation type="Visible" reversible="false">
							<effect type="fade" start="0" delay="400" time="200"/>
							<effect type="slide" delay="400" start="-800,0" end="0,0" time="400"/>
							<effect type="rotate" delay="400" center="auto" start="3" end="0" time="400" tween="bounce" easing="out"/>
						</animation>
						<top>5</top>
						<left>365</left>
						<width>1200</width>
						<height>180</height>
						<aligny>top</aligny>
						<align>center</align>
						<wrapmultiline>true</wrapmultiline>
						<font>Font60_Lowercase_Lyrics</font>
						<textcolor>black</textcolor>
						<label>$INFO[Container(110).ListItem.Property(part4)]</label>
					</control>
					<control type="label">
						<visible>!Container(110).OnNext + !Container(110).OnPrevious</visible>
						<animation type="Visible" reversible="false">
							<effect type="fade" start="0" delay="400" time="200"/>
							<effect type="slide" delay="400" start="-800,0" end="0,0" time="400"/>
							<effect type="rotate" delay="400" center="auto" start="3" end="0" time="400" tween="bounce" easing="out"/>
						</animation>
						<left>365</left>
						<width>1200</width>
						<height>180</height>
						<aligny>top</aligny>
						<align>center</align>
						<wrapmultiline>true</wrapmultiline>
						<font>Font60_Lowercase_Lyrics</font>
						<textcolor>fffffaf0</textcolor>
						<label>$INFO[Container(110).ListItem.Property(part4)]</label>
					</control>
				</control>
			</control>
			<!-- Line 9 -->
			<control type="group">
				<visible>String.IsEqual(Container(110).Currentitem,9) | String.EndsWith(Container(110).Currentitem,24) | String.EndsWith(Container(110).Currentitem,39) | String.EndsWith(Container(110).Currentitem,54) | String.EndsWith(Container(110).Currentitem,69) | String.EndsWith(Container(110).Currentitem,84) | String.EndsWith(Container(110).Currentitem,99)</visible>
				<top>182</top>
				<height>675</height>
				<control type="grouplist">
					<top>5</top>
					<left>5</left>
					<itemgap>10</itemgap>
					<include content="Line9">
						<param name="delay">0</param>
						<param name="label">$INFO[Container(110).ListItem.Property(part1)]</param>
					</include>
					<include content="Line9">
						<param name="delay">100</param>
						<param name="label">$INFO[Container(110).ListItem.Property(part2)]</param>
					</include>
					<include content="Line9">
						<param name="delay">200</param>
						<param name="label">$INFO[Container(110).ListItem.Property(part3)]</param>
					</include>
				</control>
				<control type="grouplist">
					<itemgap>10</itemgap>
					<include content="Line9">
						<param name="delay">0</param>
						<param name="color">ff00e676</param>
						<param name="label">$INFO[Container(110).ListItem.Property(part1)]</param>
					</include>
					<include content="Line9">
						<param name="delay">100</param>
						<param name="color">fffffaf0</param>
						<param name="label">$INFO[Container(110).ListItem.Property(part2)]</param>
					</include>
					<include content="Line9">
						<param name="delay">200</param>
						<param name="color">fffb8c00</param>
						<param name="label">$INFO[Container(110).ListItem.Property(part3)]</param>
					</include>
				</control>
				<control type="group">
					<top>121</top>
					<control type="label">
						<visible>!Container(110).OnNext + !Container(110).OnPrevious</visible>
						<animation type="Visible" reversible="false">
							<effect type="fade" start="0" delay="400" time="200"/>
							<effect type="slide" delay="400" start="600,0" end="0,0" time="300"/>
							<effect type="rotate" delay="400" center="auto" start="4" end="0" time="400" tween="bounce" easing="out"/>
						</animation>
						<top>5</top>
						<left>975</left>
						<width>700</width>
						<height>250</height>
						<aligny>top</aligny>
						<wrapmultiline>true</wrapmultiline>
						<font>Font60_Lowercase_Lyrics</font>
						<textcolor>black</textcolor>
						<label>$INFO[Container(110).ListItem.Property(part4)]</label>
					</control>
					<control type="label">
						<visible>!Container(110).OnNext + !Container(110).OnPrevious</visible>
						<animation type="Visible" reversible="false">
							<effect type="fade" start="0" delay="400" time="200"/>
							<effect type="slide" delay="400" start="600,0" end="0,0" time="300"/>
							<effect type="rotate" delay="400" center="auto" start="4" end="0" time="400" tween="bounce" easing="out"/>
						</animation>
						<left>975</left>
						<width>700</width>
						<height>250</height>
						<aligny>top</aligny>
						<wrapmultiline>true</wrapmultiline>
						<font>Font60_Lowercase_Lyrics</font>
						<textcolor>ffb39ddb</textcolor>
						<label>$INFO[Container(110).ListItem.Property(part4)]</label>
					</control>
				</control>
			</control>
			<!-- Line 10 -->
			<control type="group">
				<visible>String.EndsWith(Container(110).Currentitem,10) | String.EndsWith(Container(110).Currentitem,25) | String.EndsWith(Container(110).Currentitem,40) | String.EndsWith(Container(110).Currentitem,55) | String.EndsWith(Container(110).Currentitem,70) | String.EndsWith(Container(110).Currentitem,85) | String.EndsWith(Container(110).Currentitem,00)</visible>
				<top>188</top>
				<height>675</height>
				<control type="group">
					<top>5</top>
					<left>5</left>
					<include content="Line10">
						<param name="label">$INFO[Container(110).ListItem.Property(part1)]</param>
					</include>
				</control>
				<control type="grouplist">
					<top>128</top>
					<left>5</left>
					<itemgap>30</itemgap>
					<align>center</align>
					<orientation>horizontal</orientation>
					<include content="Line10">
						<param name="delay">100</param>
						<param name="label">$INFO[Container(110).ListItem.Property(part2)]</param>
					</include>
					<include content="Line10">
						<param name="delay">200</param>
						<param name="label">$INFO[Container(110).ListItem.Property(part3)]</param>
					</include>
				</control>
				<control type="group">
					<include content="Line10">
						<param name="color">ffff9800</param>
						<param name="label">$INFO[Container(110).ListItem.Property(part1)]</param>
					</include>
				</control>
				<control type="grouplist">
					<top>123</top>
					<itemgap>30</itemgap>
					<align>center</align>
					<orientation>horizontal</orientation>
					<include content="Line10">
						<param name="delay">100</param>
						<param name="color">ff00bcd4</param>
						<param name="label">$INFO[Container(110).ListItem.Property(part2)]</param>
					</include>
					<include content="Line10">
						<param name="delay">200</param>
						<param name="color">fffffaf0</param>
						<param name="label">$INFO[Container(110).ListItem.Property(part3)]</param>
					</include>
				</control>
				<control type="group">
					<top>228</top>
					<control type="label">
						<visible>!Container(110).OnNext + !Container(110).OnPrevious</visible>
						<animation type="Visible" reversible="false">
							<effect type="fade" start="0" delay="500" time="200"/>
							<effect type="slide" delay="500" start="400,0" end="0,0" time="200" tween="cubic" easing="out"/>
							<effect type="rotate" delay="500" center="auto" start="4" end="0" time="300" tween="bounce" easing="out"/>
						</animation>
						<top>5</top>
						<left>360</left>
						<width>1200</width>
						<height>180</height>
						<aligny>top</aligny>
						<align>center</align>
						<wrapmultiline>true</wrapmultiline>
						<font>Font60_Lowercase_Lyrics</font>
						<textcolor>black</textcolor>
						<label>$INFO[Container(110).ListItem.Property(part4)]</label>
					</control>
					<control type="label">
						<visible>!Container(110).OnNext + !Container(110).OnPrevious</visible>
						<animation type="Visible" reversible="false">
							<effect type="fade" start="0" delay="500" time="200"/>
							<effect type="slide" delay="500" start="400,0" end="0,0" time="200" tween="cubic" easing="out"/>
							<effect type="rotate" delay="500" center="auto" start="4" end="0" time="300" tween="bounce" easing="out"/>
						</animation>
						<left>360</left>
						<width>1200</width>
						<height>180</height>
						<aligny>top</aligny>
						<align>center</align>
						<wrapmultiline>true</wrapmultiline>
						<font>Font60_Lowercase_Lyrics</font>
						<textcolor>fff29ab8</textcolor>
						<label>$INFO[Container(110).ListItem.Property(part4)]</label>
					</control>
				</control>
			</control>
			<!-- Line 11 -->
			<control type="group">
				<visible>String.EndsWith(Container(110).Currentitem,11) | String.EndsWith(Container(110).Currentitem,26) | String.EndsWith(Container(110).Currentitem,41) | String.EndsWith(Container(110).Currentitem,56) | String.EndsWith(Container(110).Currentitem,71) | String.EndsWith(Container(110).Currentitem,86) | String.EndsWith(Container(110).Currentitem,01)</visible>
				<top>189</top>
				<height>675</height>
				<control type="grouplist">
					<top>5</top>
					<left>5</left>
					<itemgap>30</itemgap>
					<align>center</align>
					<orientation>horizontal</orientation>
					<include content="Line11">
						<param name="slide">0,-300</param>
						<param name="label">$INFO[Container(110).ListItem.Property(part1)]</param>
					</include>
					<include content="Line11">
						<param name="slide">300</param>
						<param name="label">$INFO[Container(110).ListItem.Property(part2)]</param>
					</include>
				</control>
				<control type="grouplist">
					<itemgap>30</itemgap>
					<align>center</align>
					<orientation>horizontal</orientation>
					<include content="Line11">
						<param name="slide">0,-300</param>
						<param name="color">ff52bbb7</param>
						<param name="label">$INFO[Container(110).ListItem.Property(part1)]</param>
					</include>
					<include content="Line11">
						<param name="slide">300</param>
						<param name="color">fffab649</param>
						<param name="label">$INFO[Container(110).ListItem.Property(part2)]</param>
					</include>
				</control>
				<control type="group">
					<top>124</top>
					<control type="grouplist">
						<top>5</top>
						<left>5</left>
						<itemgap>30</itemgap>
						<align>center</align>
						<orientation>horizontal</orientation>
						<include content="Line11">
							<param name="slide">-300</param>
							<param name="delay">500</param>
							<param name="label">$INFO[Container(110).ListItem.Property(part3)]</param>
						</include>
						<control type="label">
							<visible>!Container(110).OnNext + !Container(110).OnPrevious</visible>
							<animation type="Visible" reversible="false">
								<effect type="fade" delay="500" start="0" time="300"/>
								<effect type="slide" delay="500" start="0,300" end="0" time="300"/>
							</animation>
							<animation effect="slide" end="0,10" condition="true">Conditional</animation>
							<width max="700">auto</width>
							<height>250</height>
							<align>left</align>
							<aligny>top</aligny>
							<wrapmultiline>true</wrapmultiline>
							<font>Font60_Lowercase_Lyrics</font>
							<textcolor>black</textcolor>
							<label>$INFO[Container(110).ListItem.Property(part4)]</label>
						</control>
					</control>
					<control type="grouplist">
						<itemgap>30</itemgap>
						<align>center</align>
						<orientation>horizontal</orientation>
						<include content="Line11">
							<param name="slide">-400</param>
							<param name="delay">500</param>
							<param name="color">ffef4051</param>
							<param name="label">$INFO[Container(110).ListItem.Property(part3)]</param>
						</include>
						<control type="label">
							<visible>!Container(110).OnNext + !Container(110).OnPrevious</visible>
							<animation type="Visible" reversible="false">
								<effect type="fade" delay="500" start="0" time="300"/>
								<effect type="slide" delay="500" start="0,300" end="0" time="300"/>
							</animation>
							<animation effect="slide" end="0,10" condition="true">Conditional</animation>
							<width max="700">auto</width>
							<height>250</height>
							<align>left</align>
							<aligny>top</aligny>
							<wrapmultiline>true</wrapmultiline>
							<font>Font60_Lowercase_Lyrics</font>
							<textcolor>ff84efbb</textcolor>
							<label>$INFO[Container(110).ListItem.Property(part4)]</label>
						</control>
					</control>
				</control>
			</control>
			<!-- Line 12 -->
			<control type="group">
				<visible>String.EndsWith(Container(110).Currentitem,12) | String.EndsWith(Container(110).Currentitem,27) | String.EndsWith(Container(110).Currentitem,42) | String.EndsWith(Container(110).Currentitem,57) | String.EndsWith(Container(110).Currentitem,72) | String.EndsWith(Container(110).Currentitem,87) | String.EndsWith(Container(110).Currentitem,02)</visible>
				<top>175</top>
				<height>675</height>
				<control type="group">
					<top>5</top>
					<left>5</left>
					<include content="Line12">
						<param name="font">Font80_Caps_Lyrics</param>
						<param name="label">$INFO[Container(110).ListItem.Property(part1)]</param>
					</include>
				</control>
				<control type="grouplist">
					<top>117</top>
					<left>5</left>
					<itemgap>30</itemgap>
					<align>center</align>
					<orientation>horizontal</orientation>
					<usecontrolcoords>true</usecontrolcoords>
					<include content="Line12">
						<param name="top">-12</param>
						<param name="delay">300</param>
						<param name="font">Font90_Caps_Lyrics</param>
						<param name="label">$INFO[Container(110).ListItem.Property(part2)]</param>
					</include>
					<include content="Line12">
						<param name="delay">300</param>
						<param name="font">Font120_Caps_Lyrics</param>
						<param name="label">$INFO[Container(110).ListItem.Property(part3)]</param>
					</include>
				</control>
				<control type="group">
					<include content="Line12">
						<param name="color">ffEA80FC</param>
						<param name="font">Font80_Caps_Lyrics</param>
						<param name="label">$INFO[Container(110).ListItem.Property(part1)]</param>
					</include>
				</control>
				<control type="grouplist">
					<top>112</top>
					<itemgap>30</itemgap>
					<align>center</align>
					<orientation>horizontal</orientation>
					<usecontrolcoords>true</usecontrolcoords>
					<include content="Line12">
						<param name="top">-12</param>
						<param name="delay">300</param>
						<param name="font">Font90_Caps_Lyrics</param>
						<param name="color">ffFFEB3B</param>
						<param name="label">$INFO[Container(110).ListItem.Property(part2)]</param>
					</include>
					<include content="Line12">
						<param name="delay">300</param>
						<param name="font">Font120_Caps_Lyrics</param>
						<param name="color">ff4DD0E1</param>
						<param name="label">$INFO[Container(110).ListItem.Property(part3)]</param>
					</include>
				</control>
				<control type="group">
					<top>221</top>
					<control type="label">
						<visible>!Container(110).OnNext + !Container(110).OnPrevious</visible>
						<animation type="Visible" reversible="false">
							<effect type="fade" start="0" delay="500" time="200"/>
							<effect type="zoom" delay="500" center="960,400" start="0" end="100" time="300"/>
						</animation>
						<left>365</left>
						<top>5</top>
						<width>1200</width>
						<height>180</height>
						<align>center</align>
						<aligny>top</aligny>
						<wrapmultiline>true</wrapmultiline>
						<font>Font60_Lowercase_Lyrics</font>
						<textcolor>black</textcolor>
						<label>$INFO[Container(110).ListItem.Property(part4)]</label>
					</control>
					<control type="label">
						<visible>!Container(110).OnNext + !Container(110).OnPrevious</visible>
						<animation type="Visible" reversible="false">
							<effect type="fade" start="0" delay="500" time="200"/>
							<effect type="zoom" delay="500" center="960,400" start="0" end="100" time="300"/>
						</animation>
						<left>360</left>
						<width>1200</width>
						<height>180</height>
						<align>center</align>
						<aligny>top</aligny>
						<wrapmultiline>true</wrapmultiline>
						<font>Font60_Lowercase_Lyrics</font>
						<textcolor>fffffaf0</textcolor>
						<label>$INFO[Container(110).ListItem.Property(part4)]</label>
					</control>
				</control>
			</control>
			<!-- Line 13 -->
			<control type="group">
				<visible>String.EndsWith(Container(110).Currentitem,13) | String.EndsWith(Container(110).Currentitem,28) | String.EndsWith(Container(110).Currentitem,43) | String.EndsWith(Container(110).Currentitem,58) | String.EndsWith(Container(110).Currentitem,73) | String.EndsWith(Container(110).Currentitem,88) | String.EndsWith(Container(110).Currentitem,03)</visible>
				<top>185</top>
				<height>675</height>
				<control type="grouplist">
					<top>5</top>
					<left>5</left>
					<itemgap>30</itemgap>
					<align>center</align>
					<orientation>horizontal</orientation>
					<include content="Line13">
						<param name="time">200</param>
						<param name="label">$INFO[Container(110).ListItem.Property(part1)]</param>
					</include>
					<include content="Line13">
						<param name="time">350</param>
						<param name="label">$INFO[Container(110).ListItem.Property(part2)]</param>
					</include>
					<include content="Line13">
						<param name="time">500</param>
						<param name="label">$INFO[Container(110).ListItem.Property(part3)]</param>
					</include>
				</control>
				<control type="grouplist">
					<itemgap>30</itemgap>
					<align>center</align>
					<orientation>horizontal</orientation>
					<include content="Line13">
						<param name="time">200</param>
						<param name="color">ff00BFC0</param>
						<param name="label">$INFO[Container(110).ListItem.Property(part1)]</param>
					</include>
					<include content="Line13">
						<param name="time">350</param>
						<param name="color">ff98EA33</param>
						<param name="label">$INFO[Container(110).ListItem.Property(part2)]</param>
					</include>
					<include content="Line13">
						<param name="time">500</param>
						<param name="color">ffF7F6E4</param>
						<param name="label">$INFO[Container(110).ListItem.Property(part3)]</param>
					</include>
				</control>
				<control type="group">
					<top>102</top>
					<control type="label">
						<visible>!Container(110).OnNext + !Container(110).OnPrevious</visible>
						<animation type="Visible" reversible="false">
							<effect type="fade" start="0" delay="500" time="200"/>
							<effect type="zoom" center="450,370" delay="500" start="25" time="300"/>
						</animation>
						<top>5</top>
						<left>365</left>
						<width>1200</width>
						<height>180</height>
						<aligny>top</aligny>
						<align>center</align>
						<wrapmultiline>true</wrapmultiline>
						<font>Font60_Lowercase_Lyrics</font>
						<textcolor>black</textcolor>
						<label>$INFO[Container(110).ListItem.Property(part4)]</label>
					</control>
					<control type="label">
						<visible>!Container(110).OnNext + !Container(110).OnPrevious</visible>
						<animation type="Visible" reversible="false">
							<effect type="fade" start="0" delay="500" time="200"/>
							<effect type="zoom" center="450,370" delay="500" start="25" time="300"/>
						</animation>
						<left>360</left>
						<width>1200</width>
						<height>180</height>
						<aligny>top</aligny>
						<align>center</align>
						<wrapmultiline>true</wrapmultiline>
						<font>Font60_Lowercase_Lyrics</font>
						<textcolor>ffDAA8EA</textcolor>
						<label>$INFO[Container(110).ListItem.Property(part4)]</label>
					</control>
				</control>
			</control>
			<!-- Line 14 -->
			<control type="group">
				<visible>String.EndsWith(Container(110).Currentitem,14) | String.EndsWith(Container(110).Currentitem,29) | String.EndsWith(Container(110).Currentitem,44) | String.EndsWith(Container(110).Currentitem,59) | String.EndsWith(Container(110).Currentitem,74) | String.EndsWith(Container(110).Currentitem,89) | String.EndsWith(Container(110).Currentitem,04)</visible>
				<top>176</top>
				<height>675</height>
				<control type="grouplist">
					<top>5</top>
					<left>5</left>
					<itemgap>30</itemgap>
					<align>center</align>
					<orientation>horizontal</orientation>
					<include content="Line14">
						<param name="slide">0</param>
						<param name="label">$INFO[Container(110).ListItem.Property(part1)]</param>
					</include>
					<include content="Line14">
						<param name="slide">-10</param>
						<param name="rotate">-4</param>
						<param name="delay">150</param>
						<param name="label">$INFO[Container(110).ListItem.Property(part2)]</param>
					</include>
					<include content="Line14">
						<param name="slide">20</param>
						<param name="delay">300</param>
						<param name="label">$INFO[Container(110).ListItem.Property(part3)]</param>
					</include>
				</control>
				<control type="grouplist">
					<itemgap>30</itemgap>
					<align>center</align>
					<orientation>horizontal</orientation>
					<include content="Line14">
						<param name="slide">0</param>
						<param name="color">ffFF9800</param>
						<param name="label">$INFO[Container(110).ListItem.Property(part1)]</param>
					</include>
					<include content="Line14">
						<param name="slide">-10</param>
						<param name="rotate">-4</param>
						<param name="delay">150</param>
						<param name="color">fffffaf0</param>
						<param name="label">$INFO[Container(110).ListItem.Property(part2)]</param>
					</include>
					<include content="Line14">
						<param name="slide">20</param>
						<param name="delay">300</param>
						<param name="color">ff00BCD4</param>
						<param name="label">$INFO[Container(110).ListItem.Property(part3)]</param>
					</include>
				</control>
				<control type="group">
					<top>125</top>
					<control type="label">
						<visible>!Container(110).OnNext + !Container(110).OnPrevious</visible>
						<animation type="Visible" reversible="false">
							<effect type="fade" start="0" delay="500" time="200"/>
							<effect type="zoom" center="auto" delay="500" start="0" end="105" time="300"/>
						</animation>
						<top>5</top>
						<left>365</left>
						<width>1200</width>
						<height>180</height>
						<aligny>top</aligny>
						<align>center</align>
						<wrapmultiline>true</wrapmultiline>
						<font>Font60_Lowercase_Lyrics</font>
						<textcolor>black</textcolor>
						<label>$INFO[Container(110).ListItem.Property(part4)]</label>
					</control>
					<control type="label">
						<visible>!Container(110).OnNext + !Container(110).OnPrevious</visible>
						<animation type="Visible" reversible="false">
							<effect type="fade" start="0" delay="500" time="200"/>
							<effect type="zoom" center="auto" delay="500" start="0" end="105" time="300"/>
						</animation>
						<left>365</left>
						<width>1200</width>
						<height>180</height>
						<aligny>top</aligny>
						<align>center</align>
						<wrapmultiline>true</wrapmultiline>
						<font>Font60_Lowercase_Lyrics</font>
						<textcolor>fff395b5</textcolor>
						<label>$INFO[Container(110).ListItem.Property(part4)]</label>
					</control>
				</control>
			</control>
			<!-- Line 15 -->
			<control type="group">
				<visible>String.EndsWith(Container(110).Currentitem,15) | String.EndsWith(Container(110).Currentitem,30) | String.EndsWith(Container(110).Currentitem,45) | String.EndsWith(Container(110).Currentitem,60) | String.EndsWith(Container(110).Currentitem,75) | String.EndsWith(Container(110).Currentitem,90) | String.EndsWith(Container(110).Currentitem,05)</visible>
				<top>185</top>
				<height>675</height>
				<control type="grouplist">
					<top>5</top>
					<left>5</left>
					<itemgap>18</itemgap>
					<include content="Line15">
						<param name="label">$INFO[Container(110).ListItem.Property(part1)]</param>
					</include>
					<include content="Line15">
						<param name="delay">150</param>
						<param name="label">$INFO[Container(110).ListItem.Property(part2)]</param>
					</include>
					<include content="Line15">
						<param name="delay">300</param>
						<param name="label">$INFO[Container(110).ListItem.Property(part3)]</param>
					</include>
				</control>
				<control type="grouplist">
					<itemgap>18</itemgap>
					<include content="Line15">
						<param name="color">ffaee23a</param>
						<param name="label">$INFO[Container(110).ListItem.Property(part1)]</param>
					</include>
					<include content="Line15">
						<param name="delay">150</param>
						<param name="color">fffffaf0</param>
						<param name="label">$INFO[Container(110).ListItem.Property(part2)]</param>
					</include>
					<include content="Line15">
						<param name="delay">300</param>
						<param name="color">ff02a8c6</param>
						<param name="label">$INFO[Container(110).ListItem.Property(part3)]</param>
					</include>
				</control>
				<control type="group">
					<top>128</top>
					<control type="label">
						<visible>!Container(110).OnNext + !Container(110).OnPrevious</visible>
						<animation type="Visible" reversible="false">
							<effect type="fade" start="0" delay="500" time="200"/>
							<effect type="slide" delay="500" start="0,-400" end="0,0" time="300" tween="bounce" easing="out"/>
						</animation>
						<top>5</top>
						<left>975</left>
						<width>700</width>
						<height>250</height>
						<aligny>top</aligny>
						<wrapmultiline>true</wrapmultiline>
						<font>Font60_Lowercase_Lyrics</font>
						<textcolor>black</textcolor>
						<label>$INFO[Container(110).ListItem.Property(part4)]</label>
					</control>
					<control type="label">
						<visible>!Container(110).OnNext + !Container(110).OnPrevious</visible>
						<animation type="Visible" reversible="false">
							<effect type="fade" start="0" delay="500" time="200"/>
							<effect type="slide" delay="500" start="0,-400" end="0,0" time="300" tween="bounce" easing="out"/>
						</animation>
						<left>975</left>
						<width>700</width>
						<height>250</height>
						<aligny>top</aligny>
						<wrapmultiline>true</wrapmultiline>
						<font>Font60_Lowercase_Lyrics</font>
						<textcolor>ffd865d1</textcolor>
						<label>$INFO[Container(110).ListItem.Property(part4)]</label>
					</control>
				</control>
			</control>
		</control>
		<!-- ** Required ** Do not change <id> or <type> (Lyrics Chooser, if multiple lyrics are available) -->
		<control type="label" id="200">
			<include>HiddenObject</include>
		</control>
		<control type="group">
			<visible>Control.IsVisible(120) + !Control.IsVisible(110)</visible>
			<include>AnimationDialogPopupVisible</include>
			<include content="DialogBackground">
				<param name="width" value="1030"/>
				<param name="height" value="580"/>
				<param name="label">$ADDON[script.cu.lrclyrics 32006]</param>
				<param name="diffusetexture">diffuse/rounded10-990x540.png</param>
			</include>
			<control type="list" id="120">
				<top>90</top>
				<left>20</left>
				<width>990</width>
				<height>420</height>
				<onleft>121</onleft>
				<onright>8000</onright>
				<pagecontrol>121</pagecontrol>
				<include content="DialogList2Default">
					<param name="id">120</param>
				</include>
			</control>
			<control type="label">
				<include>DialogItemCountLabel</include>
				<label>$INFO[Control.GetLabel(200),$LOCALIZE[21870] - ]$INFO[Container(120).CurrentPage, - ]$INFO[Container(120).NumPages,/]</label>
			</control>
			<control type="scrollbar" id="121">
				<onright>100</onright>
				<include>DialogScrollBar</include>
			</control>
		</control>
		<!-- Button to prevent mouse menu popup unless at top of screen -->
		<control type="label">
			<description>Scraper label</description>
			<left>870</left>
			<top>1020</top>
			<width>825</width>
			<height>45</height>
			<label>$LOCALIZE[31205] - $INFO[Control.GetLabel(200)]</label>
			<align>right</align>
			<textcolor>grey2</textcolor>
			<visible>false</visible>
		</control>
	</controls>
</window>