<?xml version="1.0" encoding="UTF-8"?>
<window>
	<controls>
		<control type="image">
			<include>AnimationWindowFade</include>
			<include>FullScreenDimensions</include>
			<texture>colors/black.png</texture>
		</control>
		<control type="image">
			<animation type="WindowOpen" reversible="false">
				<effect type="zoom" start="80" end="100" center="50%,50%" time="480" tween="cubic" easing="out"/>
				<effect type="fade" time="400" tween="sine" easing="out"/>
			</animation>
			<animation type="WindowClose" reversible="false">
				<effect type="zoom" start="100" end="80" center="50%,50%" delay="0" time="480" tween="cubic" easing="out"/>
				<effect type="fade" end="0" time="400" tween="sine" easing="out"/>
			</animation>
			<include>FullScreenDimensions</include>
			<aspectratio>keep</aspectratio>
			<fadetime>TextureFadeTime</fadetime>
			<texture>$INFO[Container(1).ListItem.Icon]</texture>
		</control>
		<control type="list" id="1">
			<description>REQUIRED: The list of images</description>
			<include>FullScreenDimensions</include>
			<scrolltime>0</scrolltime>
			<pagecontrol>2</pagecontrol>
			<orientation>horizontal</orientation>
			<itemlayout/>
			<focusedlayout/>
		</control>
		<control type="scrollbar" id="2">
			<description>REQUIRED: It's the default control, which is going to be focused on window init.</description>
			<width>1920</width>
			<height>40</height>
			<orientation>horizontal</orientation>
			<textureslidernib/>
			<textureslidernibfocus/>
		</control>
	</controls>
</window>