<?xml version="1.0" encoding="UTF-8"?>
<window>
	<defaultcontrol>9000</defaultcontrol>
	<onload>SetFocus(9000,0)</onload>
	<controls>
		<!-- Container for the item details -->
		<control type="list" id="10051">
			<include>HiddenList</include>
		</control>
		<!-- Get item details by DBID -->
		<control type="list" id="7005">
			<visible>!String.IsEmpty(Container(10051).ListItem.DBID) + !String.IsEqual(Container(10051).ListItem.Property(call),tv)</visible>
			<include>HiddenList</include>
			<content>plugin://script.embuary.helper/?info=getbydbid&amp;dbid=$INFO[Container(10051).ListItem.DBID]&amp;type=$INFO[Container(10051).ListItem.DBType]</content>
		</control>
		<!-- Check if Studio Image exists -->
		<control type="image" id="811115">
			<include>HiddenObject</include>
			<texture fallback="none">$VAR[EmbuaryStudioIconsVar]</texture>
		</control>
		<!-- Background -->
		<include content="DialogInfoCommon">
			<param name="blur">Skin.HasSetting(VideoBlurEnabled)</param>
			<param name="art">$INFO[Container(10051).ListItem.Art(thumb)]</param>
		</include>
		<control type="group">
			<include>AnimationInfoDialog</include>
			<!-- Artwork -->
			<control type="group">
				<include>AnimationVisibleFade</include>
				<top>15</top>
				<left>15</left>
				<width>706</width>
				<height>1050</height>
				<include content="ViewArtwork">
					<param name="art">$INFO[Container(10051).ListItem.Art(thumb)]</param>
					<param name="diffuse">diffuse/rounded5-686x1030.png</param>
				</include>
			</control>
			<control type="group">
				<top>16</top>
				<left>736</left>
				<right>25</right>
				<!-- Title -->
				<control type="label">
					<right>215</right>
					<height>50</height>
					<font>Font49_Bold_Caps</font>
					<label>$INFO[Container(10051).ListItem.Label]</label>
					<textcolor>$VAR[PanelTextColorVar]</textcolor>
					<scroll>true</scroll>
				</control>
				<!-- Subtitle -->
				<control type="label">
					<top>52</top>
					<right>215</right>
					<height>40</height>
					<font>Font36_Reg</font>
					<label>$VAR[EmbuaryInfoSubtitleVar]</label>
					<textcolor>$VAR[PanelHighlightColorVar]</textcolor>
					<scroll>true</scroll>
				</control>
				<!-- TMBd icon -->
				<control type="image">
					<top>9</top>
					<right>0</right>
					<align>right</align>
					<width>195</width>
					<height>77</height>
					<aspectratio>keep</aspectratio>
					<texture>icons/addons/tmdbinfo.png</texture>
				</control>
				<!-- Info line -->
				<control type="group">
					<top>105</top>
					<control type="grouplist">
						<height>30</height>
						<usecontrolcoords>true</usecontrolcoords>
						<orientation>horizontal</orientation>
						<control type="image">
							<visible>!String.IsEmpty(Control.GetLabel(5301))</visible>
							<top>3</top>
							<width>30</width>
							<aspectratio>keep</aspectratio>
							<texture>$VAR[IconPathVar]calendar.png</texture>
						</control>
						<control type="label" id="5301">
							<width>auto</width>
							<font>Font30_Reg</font>
							<textcolor>$VAR[PanelTextColorVar]</textcolor>
							<label>$VAR[ViewEmbuaryInfoDateVar]</label>
						</control>
						<control type="image">
							<visible>!String.IsEmpty(Control.GetLabel(5302))</visible>
							<top>3</top>
							<width>30</width>
							<aspectratio>keep</aspectratio>
							<texture>$VAR[IconPathVar]timer.png</texture>
						</control>
						<control type="label" id="5302">
							<width>auto</width>
							<font>Font30_Reg</font>
							<textcolor>$VAR[PanelTextColorVar]</textcolor>
							<label>$VAR[ViewEmbuaryInfoTimeVar]</label>
						</control>
						<control type="image">
							<visible>!String.IsEmpty(Control.GetLabel(5304))</visible>
							<width>50</width>
							<height>35</height>
							<aspectratio>keep</aspectratio>
							<texture>flags/ratings/tmdb.png</texture>
						</control>
						<control type="label" id="5304">
							<width>auto</width>
							<font>Font30_Reg</font>
							<textcolor>$VAR[PanelTextColorVar]</textcolor>
							<label>$INFO[Container(10051).ListItem.Rating, ,  ]</label>
						</control>
						<control type="image">
							<visible>!String.IsEmpty(Control.GetLabel(5305))</visible>
							<width>50</width>
							<height>35</height>
							<aspectratio>keep</aspectratio>
							<texture>flags/ratings/imdb.png</texture>
						</control>
						<control type="label" id="5305">
							<width>auto</width>
							<font>Font30_Reg</font>
							<textcolor>$VAR[PanelTextColorVar]</textcolor>
							<label>$INFO[Container(10051).ListItem.Property(rating.imdb), ,  ]</label>
						</control>
						<control type="image">
							<visible>!String.IsEmpty(Control.GetLabel(5306))</visible>
							<top>3</top>
							<width>30</width>
							<aspectratio>keep</aspectratio>
							<texture>$VAR[ViewEmbuaryInfoRTAllCriticsIconVar]</texture>
						</control>
						<control type="label" id="5306">
							<width>auto</width>
							<font>Font30_Reg</font>
							<textcolor>$VAR[PanelTextColorVar]</textcolor>
							<label>$INFO[Container(10051).ListItem.Property(Rating.Rotten), ,%  ]</label>
						</control>
						<control type="image">
							<visible>!String.IsEmpty(Control.GetLabel(5307))</visible>
							<top>3</top>
							<width>30</width>
							<aspectratio>keep</aspectratio>
							<texture>$VAR[ViewEmbuaryInfoRTAllAudienceIconVar]</texture>
						</control>
						<control type="label" id="5307">
							<width>auto</width>
							<font>Font30_Reg</font>
							<textcolor>$VAR[PanelTextColorVar]</textcolor>
							<label>$INFO[Container(10051).ListItem.Property(Rating.Rotten_User), ,%  ]</label>
						</control>
						<control type="image">
							<visible>!String.IsEmpty(Control.GetLabel(5308))</visible>
							<top>3</top>
							<width>30</width>
							<aspectratio>keep</aspectratio>
							<texture>flags/ratings/metacritic.png</texture>
						</control>
						<control type="label" id="5308">
							<width>auto</width>
							<font>Font30_Reg</font>
							<textcolor>$VAR[PanelTextColorVar]</textcolor>
							<label>$INFO[Container(10051).ListItem.Property(Rating.Metacritic), ,%  ]</label>
						</control>
					</control>
				</control>
				<control type="image">
					<top>152</top>
					<height>4</height>
					<texture border="0,0,220,0" colordiffuse="$VAR[PanelListSeparatorColorVar]">panels/separator.png</texture>
				</control>
				<!-- Container Info -->
				<control type="grouplist">
					<top>162</top>
					<height>40</height>
					<usecontrolcoords>true</usecontrolcoords>
					<orientation>horizontal</orientation>
					<control type="image">
						<top>3</top>
						<width>30</width>
						<aspectratio>keep</aspectratio>
						<texture>$VAR[EmbuaryInfoVideoContainerIcon]</texture>
					</control>
					<control type="label">
						<width>auto</width>
						<font>Font30_Reg</font>
						<label>$VAR[EmbuaryInfoVideoContainerLabel, ]</label>
						<textcolor>$VAR[PanelSubTextColorVar]</textcolor>
					</control>
				</control>
				<!-- Buttons -->
				<control type="list" id="9000">
					<top>555</top>
					<left>-10</left>
					<right>25</right>
					<height>80</height>
					<onup condition="Container(9000).Hasfocus(101)">SetFocus(10052)</onup>
					<onup condition="Container(9000).Hasfocus(102)">SetFocus(10056)</onup>
					<onup condition="Container(9000).Hasfocus(103)">SetFocus(10057)</onup>
					<onup condition="Container(9000).Hasfocus(104)">SetFocus(10058)</onup>
					<onup condition="Container(9000).Hasfocus(105)">SetFocus(10053)</onup>
					<onup condition="Container(9000).Hasfocus(106)">SetFocus(10054)</onup>
					<include>InfoDialogButtons</include>
					<content>
						<item id="101">
							<description>Play</description>
							<visible>!String.IsEmpty(Container(10051).ListItem.DBID) + !String.IsEmpty(Container(10051).ListItem.Property(file)) + !String.IsEqual(Container(10051).ListItem.Property(call),tv)</visible>
							<label></label>
							<label2>$LOCALIZE[208]</label2>
							<onclick>PlayMedia($INFO[Container(10051).ListItem.Property(file)])</onclick>
							<onclick>Dialog.Close(all)</onclick>
						</item>
						<item id="101">
							<description>Browse</description>
							<visible>!String.IsEmpty(Container(10051).ListItem.DBID) + String.IsEqual(Container(10051).ListItem.Property(call),tv)</visible>
							<label></label>
							<label2>$LOCALIZE[1024]</label2>
							<onclick>Dialog.Close(all)</onclick>
							<onclick condition="!Window.IsVisible(MyVideoNav.xml)">ActivateWindow(videos,videodb://tvshows/titles/$INFO[Container(10051).ListItem.DBID]/,return)</onclick>
							<onclick condition="Window.IsVisible(MyVideoNav.xml)">Container.Update(videodb://tvshows/titles/$INFO[Container(10051).ListItem.DBID]/)</onclick>
						</item>
						<item id="101">
							<visible>String.IsEmpty(Container(10051).ListItem.DBID)</visible>
							<description>Cast</description>
							<label></label>
							<label2>$LOCALIZE[206]</label2>
						</item>
						<item id="102">
							<visible>!String.IsEqual(Container(10051).ListItem.DBType,season) + [Integer.IsGreater(Container(10056).NumItems,0) | Container(10056).IsUpdating]</visible>
							<description>Crew</description>
							<label></label>
							<label2>$ADDON[script.embuary.info 32018]</label2>
						</item>
						<item id="102">
							<visible>String.IsEqual(Container(10051).ListItem.DBType,season) + [Integer.IsGreater(Container(10056).NumItems,0) | Container(10056).IsUpdating]</visible>
							<description>Guest stars</description>
							<label></label>
							<label2>$ADDON[script.embuary.info 32039]</label2>
						</item>
						<item id="103">
							<description>Set</description>
							<visible>Integer.IsGreater(Container(10057).NumItems,0) | Container(10057).IsUpdating</visible>
							<label></label>
							<label2>$LOCALIZE[20141]</label2>
						</item>
						<item id="104">
							<description>Seasons</description>
							<visible>Integer.IsGreater(Container(10058).NumItems,0) | Container(10058).IsUpdating</visible>
							<label></label>
							<label2>$LOCALIZE[33054]</label2>
						</item>
						<item id="105">
							<visible>Integer.IsGreater(Container(10053).NumItems,0) | Container(10053).IsUpdating</visible>
							<description>Similar</description>
							<label></label>
							<label2>$LOCALIZE[31110]</label2>
						</item>
						<item id="106">
							<visible>Integer.IsGreater(Container(10054).NumItems,0) | Container(10054).IsUpdating</visible>
							<description>Videos</description>
							<label></label>
							<label2>$LOCALIZE[10025]</label2>
						</item>
						<item id="107">
							<description>Info</description>
							<label></label>
							<label2>$LOCALIZE[29915]</label2>
						</item>
					</content>
				</control>
				<!-- Containers -->
				<control type="group" id="9001">
					<top>211</top>
					<!-- Cast -->
					<control type="panel" id="10052">
						<include content="DialogExtraInfo">
							<param name="visible">Container(9000).HasFocus(101)</param>
							<param name="labelvisible">true</param>
							<param name="overlayiconvisible">true</param>
						</include>
					</control>
					<!-- Crew/Guest stars -->
					<control type="panel" id="10056">
						<include content="DialogExtraInfo">
							<param name="visible">Container(9000).HasFocus(102)</param>
							<param name="labelvisible">true</param>
							<param name="overlayiconvisible">true</param>
						</include>
					</control>
					<!-- Set -->
					<control type="panel" id="10057">
						<include content="DialogExtraInfo">
							<param name="visible">Container(9000).HasFocus(103)</param>
							<param name="overlayiconvisible">true</param>
						</include>
					</control>
					<!-- Seasons -->
					<control type="panel" id="10058">
						<include content="DialogExtraInfo">
							<param name="visible">Container(9000).HasFocus(104)</param>
							<param name="overlayiconvisible">true</param>
						</include>
					</control>
					<!-- Similar -->
					<control type="panel" id="10053">
						<include content="DialogExtraInfo">
							<param name="visible">Container(9000).HasFocus(105)</param>
							<param name="overlayiconvisible">true</param>
						</include>
					</control>
					<!-- Videos -->
					<control type="panel" id="10054">
						<include content="DialogExtraInfo">
							<param name="visible">Container(9000).HasFocus(106)</param>
							<param name="labelvisible">true</param>
							<param name="art">$INFO[ListItem.Icon]</param>
							<param name="diffuse">diffuse/rounded5-373x275.png</param>
							<param name="width">589.5</param>
						</include>
					</control>
				</control>
				<!-- Info -->
				<control type="panel" id="9002">
					<include content="InfoDialogDetails">
						<param name="visible">Container(9000).HasFocus(107)</param>
						<param name="label">$INFO[ListItem.Label]</param>
						<param name="label2">$INFO[ListItem.Label2]</param>
					</include>
					<content>
						<item>
							<visible>!String.IsEmpty(Container(10051).ListItem.Genre) + [String.IsEqual(Container(10051).ListItem.Property(call),movie) | String.IsEqual(Container(10051).ListItem.DBType,season)]</visible>
							<label>$INFO[Container(10051).ListItem.Genre]</label>
							<label2>$LOCALIZE[515]</label2>
						</item>
						<item>
							<visible>!String.IsEmpty(Container(10051).ListItem.Property(studio.0))</visible>
							<label>$INFO[Container(10051).ListItem.Property(studio.0)]$INFO[Container(10051).ListItem.Property(studio.1), / ]$INFO[Container(10051).ListItem.Property(studio.2), / ]$INFO[Container(10051).ListItem.Property(studio.3)]</label>
							<label2>$LOCALIZE[572]</label2>
						</item>
						<item>
							<visible>!String.IsEmpty(Container(10051).ListItem.Property(network.0))</visible>
							<label>$INFO[Container(10051).ListItem.Property(network.0)]</label>
							<label2>$LOCALIZE[705]</label2>
						</item>
						<item>
							<visible>!String.IsEmpty(Container(10051).ListItem.Director)</visible>
							<label>$INFO[Container(10051).ListItem.Director]</label>
							<label2>$LOCALIZE[20339]</label2>
						</item>
						<item>
							<visible>!String.IsEmpty(Container(10051).ListItem.Writer)</visible>
							<label>$INFO[Container(10051).ListItem.Writer]</label>
							<label2>$LOCALIZE[20417]</label2>
						</item>
						<item>
							<visible>!String.IsEmpty(Container(10051).ListItem.Country)</visible>
							<label>$INFO[Container(10051).ListItem.Country]</label>
							<label2>$LOCALIZE[574]</label2>
						</item>
						<item>
							<visible>!String.IsEmpty(Container(10051).ListItem.Property(Budget))</visible>
							<label>$INFO[Container(10051).ListItem.Property(Budget),$]</label>
							<label2>$ADDON[script.embuary.info 32013]</label2>
						</item>
						<item>
							<visible>!String.IsEmpty(Container(10051).ListItem.Property(Revenue))</visible>
							<label>$INFO[Container(10051).ListItem.Property(Revenue),$]</label>
							<label2>$ADDON[script.embuary.info 32014]</label2>
						</item>
						<item>
							<visible>!String.IsEmpty(Container(10051).ListItem.Property(Awards))</visible>
							<label>$INFO[Container(10051).ListItem.Property(Awards)]</label>
							<label2>$ADDON[script.embuary.info 32015]</label2>
						</item>
					</content>
				</control>
				<!-- Plot -->
				<control type="textbox">
					<top>644</top>
					<bottom>125</bottom>
					<include>AutoScrollPlot</include>
					<label fallback="19055">$INFO[Container(10051).ListItem.Plot]</label>
				</control>
				<!-- Media flags-->
				<control type="grouplist">
					<bottom>25</bottom>
					<height>80</height>
					<align>left</align>
					<itemgap>10</itemgap>
					<orientation>horizontal</orientation>
					<usecontrolcoords>true</usecontrolcoords>
					<control type="image">
						<visible>!String.IsEqual(Control.GetLabel(811115),none)</visible>
						<bordersize>0,5,0,5</bordersize>
						<texture>$VAR[EmbuaryStudioIconsVar]</texture>
						<include>MediaFlagImage</include>
					</control>
					<control type="image">
						<visible>!String.IsEmpty(Container(10051).ListItem.MPAA)</visible>
						<texture>$VAR[MediaFlagsPathVar]mpaa/$INFO[Container(10051).ListItem.MPAA,,.png]</texture>
						<include>MediaFlagImage</include>
					</control>
					<control type="label">
						<visible>String.IsEqual(Container(10051).ListItem.Property(call),tv) + !String.IsEmpty(Container(10051).ListItem.Status)</visible>
						<width>135.5</width>
						<include>MediaFlagLabel</include>
						<label>$VAR[NextAiredEmbuaryStausLabelVar]</label>
					</control>
					<control type="image">
						<visible>String.IsEqual(Container(10051).ListItem.Property(call),tv) + !String.IsEmpty(Container(10051).ListItem.Status)</visible>
						<left>-145.5</left>
						<width>135.5</width>
						<include>MediaFlagImage</include>
						<texture>$VAR[MediaFlagsPathVar]nextaired/$INFO[Container(10051).ListItem.Status].png</texture>
					</control>
					<control type="label">
						<visible>String.IsEqual(Container(10051).ListItem.Property(call),tv) + [!String.IsEmpty(Container(10051).ListItem.Property(NextEpisode_date)) | !String.IsEmpty(Container(10051).ListItem.Property(LastEpisode_date))]</visible>
						<align>left</align>
						<include>MediaFlagLabelFull</include>
						<label>$VAR[TVShowEmbuaryAirDateLabelVar]</label>
					</control>
					<control type="image">
						<visible>!String.IsEmpty(Container(7005).ListItem.VideoAspect)</visible>
						<texture>$VAR[MediaFlagsPathVar]$INFO[Container(7005).ListItem.VideoAspect,videoaspect/,.png]</texture>
						<include>MediaFlagImage</include>
					</control>
					<control type="image">
						<visible>!String.IsEmpty(Container(7005).ListItem.VideoCodec)</visible>
						<texture>$VAR[Container7005VideoCodecFlagVar]</texture>
						<include>MediaFlagImage</include>
					</control>
					<include content="ResolutionFlags">
						<param name="container">Container(7005).ListItem</param>
						<param name="resolutionvisible">!String.IsEmpty(Container(7005).ListItem.VideoResolution)</param>
						<param name="resolutionflag">$VAR[Container7005VideoResolutionFlagVar]</param>
						<param name="hdrflag">$VAR[ContainerHDRFlagVar]</param>
						<param name="bitdepthflag">$VAR[ContainerBitDepthFlagVar]</param>
					</include>
					<control type="image">
						<visible>!String.IsEmpty(Container(7005).ListItem.AudioCodec)</visible>
						<texture>$VAR[ContainerAudioCodecFlagVar]</texture>
						<include>MediaFlagImage</include>
					</control>
					<control type="image">
						<visible>!String.IsEmpty(Container(7005).ListItem.AudioChannels)</visible>
						<texture>$VAR[MediaFlagsPathVar]$INFO[Container(7005).ListItem.AudioChannels,audiochannels/,.png]</texture>
						<include>MediaFlagImage</include>
					</control>
					<include content="LanguageFlags">
						<param name="container">Container(7005).</param>
					</include>
					<control type="image">
						<visible>!String.IsEmpty(Container(7005).ListItem.SubtitleLanguage)</visible>
						<texture>$VAR[MediaFlagsPathVar]cc.png</texture>
						<include>MediaFlagImage</include>
					</control>
					<include content="SubtitleFlags">
						<param name="container">Container(7005).</param>
					</include>
				</control>
			</control>
		</control>
	</controls>
</window>