<?xml version="1.0" encoding="utf-8"?>
<includes>
	<include name="View509ShowcaseSquare">
		<!-- Info panel -->
		<control type="group">
			<visible>Control.IsVisible(509)</visible>
			<include content="ViewCoverFlowInfoPanel">
				<param name="id">509</param>
			</include>
		</control>
		<!-- Floor -->
		<include content="Floor">
			<param name="visible">Skin.HasSetting(View509HideFloor) + Control.IsVisible(509)</param>
			<param name="highlight">FloorHighlightMiddle</param>
		</include>
		<!-- Panel -->
		<control type="group">
			<visible>Control.IsVisible(509)</visible>
			<animation effect="slide" end="18" condition="Skin.HasSetting(View509AlbumCase) + Container.Content(albums)">conditional</animation>
			<animation effect="slide" end="0,30" condition="Container.Content(genres) + System.HasAddon(resource.images.musicgenreicons.text)">conditional</animation>
			<include content="AnimationSlideBottomWindow">
				<param name="slide">525</param>
			</include>
			<include content="AnimationSlideBottomVisible">
				<param name="slide">525</param>
			</include>
			<top>565</top>
			<left>32</left>
			<width>1920</width>
			<camera x="960" y="793"/>
			<!-- Portrait - On next -->
			<control type="group" id="5801">
				<visible>Container(509).OnNext</visible>
				<animation effect="slide" end="-140,0" time="300" reversible="false">Hidden</animation>
				<control type="group">
					<visible>Container.OnNext</visible>
					<animation effect="fade" start="100" end="0" time="70" reversible="false">Hidden</animation>
					<animation effect="rotatey" center="0" end="-55" condition="true">Conditional</animation>
					<include content="ShowCaseItemSquare">
						<param name="item">-6</param>
						<param name="left">45</param>
					</include>
				</control>
				<control type="group">
					<animation effect="rotatey" center="140" end="-55" condition="true">Conditional</animation>
					<include content="ShowCaseItemSquare">
						<param name="item">-5</param>
						<param name="left">185</param>
					</include>
				</control>
				<control type="group">
					<animation effect="rotatey" center="280" end="-55" condition="true">Conditional</animation>
					<include content="ShowCaseItemSquare">
						<param name="item">-4</param>
						<param name="left">325</param>
					</include>
				</control>
				<control type="group">
					<animation effect="rotatey" center="420" end="-55" condition="true">Conditional</animation>
					<include content="ShowCaseItemSquare">
						<param name="item">-3</param>
						<param name="left">465</param>
					</include>
				</control>
				<control type="group">
					<animation effect="rotatey" center="560" end="-55" condition="true">Conditional</animation>
					<include content="ShowCaseItemSquare">
						<param name="item">-2</param>
						<param name="left">605</param>
					</include>
				</control>
				<control type="group">
					<visible>!Container.OnNext</visible>
					<animation effect="fade" end="100" delay="100" time="300" reversible="false">Visible</animation>
					<animation effect="rotatey" center="1990" end="55" condition="true">Conditional</animation>
					<include content="ShowCaseItemSquare">
						<param name="item">5</param>
						<param name="left">1554</param>
					</include>
				</control>
				<control type="group">
					<animation effect="rotatey" center="1850" end="55" condition="true">Conditional</animation>
					<include content="ShowCaseItemSquare">
						<param name="item">4</param>
						<param name="left">1414</param>
					</include>
				</control>
				<control type="group">
					<animation effect="rotatey" center="1710" end="55" condition="true">Conditional</animation>
					<include content="ShowCaseItemSquare">
						<param name="item">3</param>
						<param name="left">1274</param>
					</include>
				</control>
				<control type="group">
					<animation effect="rotatey" center="1570" end="55" condition="true">Conditional</animation>
					<include content="ShowCaseItemSquare">
						<param name="item">2</param>
						<param name="left">1134</param>
					</include>
				</control>
				<control type="group">
					<animation effect="rotatey" center="1430" end="55" condition="true">Conditional</animation>
					<include content="ShowCaseItemSquare">
						<param name="item">1</param>
						<param name="left">994</param>
					</include>
				</control>
			</control>
			<control type="group">
				<visible>Container.OnNext</visible>
				<animation effect="slide" end="-124,0" time="300" reversible="false">Hidden</animation>
				<control type="group">
					<visible>Container.OnNext</visible>
					<animation effect="rotatey" center="1290" end="-55" time="300" reversible="false" tween="quadratic" easing="in">Hidden</animation>
					<animation effect="rotatey" center="1290" end="55" condition="true">Conditional</animation>
					<include content="ShowCaseItemSquare">
						<param name="item">0</param>
						<param name="left">854</param>
					</include>
				</control>
				<control type="group">
					<visible>Container.OnNext</visible>
					<animation effect="rotatey" center="680" end="-55" time="300" reversible="false" tween="quadratic">Hidden</animation>
					<include content="ShowCaseItemSquare">
						<param name="item">-1</param>
						<param name="left">730</param>
					</include>
				</control>
			</control>
			<!-- Portrait - On previous -->
			<control type="group" id="5802">
				<visible>Container(509).OnPrevious</visible>
				<animation effect="slide" end="140,0" time="300" reversible="false">Hidden</animation>
				<control type="group">
					<visible>Container.OnPrevious</visible>
					<animation effect="fade" start="100" end="0" time="70" reversible="false">Hidden</animation>
					<animation effect="rotatey" center="1850" end="55" condition="true">Conditional</animation>
					<include content="ShowCaseItemSquare">
						<param name="item">6</param>
						<param name="left">1414</param>
					</include>
				</control>
				<control type="group">
					<animation effect="rotatey" center="1710" end="55" condition="true">Conditional</animation>
					<include content="ShowCaseItemSquare">
						<param name="item">5</param>
						<param name="left">1274</param>
					</include>
				</control>
				<control type="group">
					<animation effect="rotatey" center="1570" end="55" condition="true">Conditional</animation>
					<include content="ShowCaseItemSquare">
						<param name="item">4</param>
						<param name="left">1134</param>
					</include>
				</control>
				<control type="group">
					<animation effect="rotatey" center="1430" end="55" condition="true">Conditional</animation>
					<include content="ShowCaseItemSquare">
						<param name="item">3</param>
						<param name="left">994</param>
					</include>
				</control>
				<control type="group">
					<animation effect="rotatey" center="1290" end="55" condition="true">Conditional</animation>
					<include content="ShowCaseItemSquare">
						<param name="item">2</param>
						<param name="left">854</param>
					</include>
				</control>
				<control type="group">
					<visible>!Container.OnPrevious</visible>
					<animation effect="fade" end="100" delay="100" time="300" reversible="false">Visible</animation>
					<animation effect="rotatey" center="-140" end="-55" condition="true">Conditional</animation>
					<include content="ShowCaseItemSquare">
						<param name="item">-5</param>
						<param name="left">-95</param>
					</include>
				</control>
				<control type="group">
					<animation effect="rotatey" center="0" end="-55" condition="true">Conditional</animation>
					<include content="ShowCaseItemSquare">
						<param name="item">-4</param>
						<param name="left">45</param>
					</include>
				</control>
				<control type="group">
					<animation effect="rotatey" center="140" end="-55" condition="true">Conditional</animation>
					<include content="ShowCaseItemSquare">
						<param name="item">-3</param>
						<param name="left">185</param>
					</include>
				</control>
				<control type="group">
					<animation effect="rotatey" center="280" end="-55" condition="true">Conditional</animation>
					<include content="ShowCaseItemSquare">
						<param name="item">-2</param>
						<param name="left">325</param>
					</include>
				</control>
				<control type="group">
					<animation effect="rotatey" center="420" end="-55" condition="true">Conditional</animation>
					<include content="ShowCaseItemSquare">
						<param name="item">-1</param>
						<param name="left">465</param>
					</include>
				</control>
			</control>
			<control type="group">
				<visible>Container.OnPrevious</visible>
				<animation effect="slide" end="124,0" time="300" reversible="false">Hidden</animation>
				<control type="group">
					<visible>Container.OnPrevious</visible>
					<animation effect="rotatey" center="560" end="55" time="300" reversible="false" tween="quadratic" easing="in">Hidden</animation>
					<animation effect="rotatey" center="560" end="-55" condition="true">Conditional</animation>
					<include content="ShowCaseItemSquare">
						<param name="item">0</param>
						<param name="left">605</param>
					</include>
				</control>
				<control type="group">
					<visible>Container.OnPrevious</visible>
					<animation effect="rotatey" center="1180" end="55" time="300" reversible="false" tween="quadratic">Hidden</animation>
					<include content="ShowCaseItemSquare">
						<param name="item">1</param>
						<param name="left">730</param>
					</include>
				</control>
			</control>
			<!-- Portrait - Static content -->
			<control type="group" id="5803">
				<visible>!Control.IsVisible(5801) + !Control.IsVisible(5802)</visible>
				<control type="group">
					<animation effect="rotatey" center="0" end="-55" condition="true">Conditional</animation>
					<include content="ShowCaseItemSquare">
						<param name="item">-5</param>
						<param name="left">45</param>
					</include>
				</control>
				<control type="group">
					<animation effect="rotatey" center="140" end="-55" condition="true">Conditional</animation>
					<include content="ShowCaseItemSquare">
						<param name="item">-4</param>
						<param name="left">185</param>
					</include>
				</control>
				<control type="group">
					<animation effect="rotatey" center="280" end="-55" condition="true">Conditional</animation>
					<include content="ShowCaseItemSquare">
						<param name="item">-3</param>
						<param name="left">325</param>
					</include>
				</control>
				<control type="group">
					<animation effect="rotatey" center="420" end="-55" condition="true">Conditional</animation>
					<include content="ShowCaseItemSquare">
						<param name="item">-2</param>
						<param name="left">465</param>
					</include>
				</control>
				<control type="group">
					<animation effect="rotatey" center="560" end="-55" condition="true">Conditional</animation>
					<include content="ShowCaseItemSquare">
						<param name="item">-1</param>
						<param name="left">605</param>
					</include>
				</control>
				<control type="group">
					<animation effect="rotatey" center="1850" end="55" condition="true">Conditional</animation>
					<include content="ShowCaseItemSquare">
						<param name="item">5</param>
						<param name="left">1414</param>
					</include>
				</control>
				<control type="group">
					<animation effect="rotatey" center="1710" end="55" condition="true">Conditional</animation>
					<include content="ShowCaseItemSquare">
						<param name="item">4</param>
						<param name="left">1274</param>
					</include>
				</control>
				<control type="group">
					<animation effect="rotatey" center="1570" end="55" condition="true">Conditional</animation>
					<include content="ShowCaseItemSquare">
						<param name="item">3</param>
						<param name="left">1134</param>
					</include>
				</control>
				<control type="group">
					<animation effect="rotatey" center="1430" end="55" condition="true">Conditional</animation>
					<include content="ShowCaseItemSquare">
						<param name="item">2</param>
						<param name="left">994</param>
					</include>
				</control>
				<control type="group">
					<animation effect="rotatey" center="1290" end="55" condition="true">Conditional</animation>
					<include content="ShowCaseItemSquare">
						<param name="item">1</param>
						<param name="left">854</param>
					</include>
				</control>
				<control type="group">
					<visible>Skin.HasSetting(View509AlbumCase) + String.IsEqual(ListItem.DBTYPE,album)</visible>
					<left>730</left>
					<width>396</width>
					<height>396</height>
					<control type="image">
						<bordersize>-29,0,0,0</bordersize>
						<texture border="15">thumbs/case/cdback.png</texture>
					</control>
					<control type="image">
						<visible>!Skin.HasSetting(View509HideReflect) + Control.IsVisible(1970)</visible>
						<animation type="Conditional" condition="Control.IsVisible(1970)" reversible="false">
							<effect type="fade" end="100" delay="0" time="1000"/>
							<effect type="fade" start="100" end="0" delay="4000" time="1000"/>
						</animation>
						<top>381</top>
						<height>396</height>
						<texture flipy="true" diffuse="thumbs/reflectsquare.png" border="20">thumbs/case/cdback.png</texture>
					</control>
					<control type="image">
						<animation type="Conditional" condition="Control.IsVisible(1970)" reversible="false">
							<effect type="slide" start="1200" end="0" delay="0" time="1500" tween="quadratic" easing="out"/>
							<effect type="rotate" start="-600" center="auto" end="0" delay="0" time="1500" tween="quadratic" easing="out"/>
						</animation>
						<top>16</top>
						<left>16</left>
						<width>364</width>
						<height>364</height>
						<texture diffuse="diffuse/disc.png" background="true">$VAR[LibraryAudioDiscArtVar]</texture>
					</control>
				</control>
				<control type="group">
					<animation type="Conditional" reversible="false" condition="Control.IsVisible(1970)">
						<effect type="rotatey" center="710" start="0" end="56" time="1500" tween="quadratic" easing="out"/>
						<effect type="rotatey" delay="3500" center="710" start="0" end="-56" time="1500" tween="quadratic" easing="out"/>
					</animation>
					<include content="ShowCaseItemSquare">
						<param name="item">0</param>
						<param name="left">730</param>
						<param name="casevisible">false</param>
						<param name="casefrontvisible">true</param>
					</include>
				</control>
			</control>
			<!-- Hidden object for open case -->
			<control type="label" id="1970">
				<visible>Skin.HasSetting(View509AlbumCase) + Skin.HasSetting(View509OpenCase) + String.IsEqual(ListItem.DBTYPE,album) + [!String.IsEmpty(ListItem.Art(discart)) | !String.IsEqual(Skin.String(LibraryMusicDiscArtFallback),none)]</visible>
				<visible>!Container.OnNext + !Container.OnPrevious</visible>
				<include>HiddenObject</include>
				<animation effect="fade" end="100" time="120" delay="1000">Visible</animation>
				<animation effect="fade" end="100" time="120" delay="1000">WindowOpen</animation>
			</control>
			<!-- Container -->
			<control type="fixedlist" id="509">
				<top>0</top>
				<left>100</left>
				<width>1720</width>
				<height>396</height>
				<onup condition="!Skin.String(View509InfoDelay,manual) | ListItem.IsParentFolder | String.Startswith(ListItem.Label,*)">9050</onup>
				<onup condition="Skin.String(View509InfoDelay,manual) + !ListItem.IsParentFolder + !String.Startswith(ListItem.Label,*)">9999</onup>
				<ondown>60509</ondown>
				<pagecontrol>60509</pagecontrol>
				<orientation>horizontal</orientation>
				<viewtype label="$LOCALIZE[31264]">icon</viewtype>
				<focusposition>2</focusposition>
				<preloaditems>2</preloaditems>
				<itemlayout width="156" height="396"/>
				<focusedlayout width="156" height="396"/>
			</control>
		</control>
		<!-- Bottom info/Media flags -->
		<control type="group">
			<visible>Control.IsVisible(509)</visible>
			<include content="AnimationSlideBottomWindow">
				<param name="slide">220</param>
			</include>
			<include content="ViewCoverFlowBottomInfo">
				<param name="logovisible">View509Logo</param>
			</include>
			<include condition="Window.IsVisible(MyMusicNav.xml)">MediaFlagsPanelAudio</include>
			<include content="ViewCoverFlowScrollBar">
				<param name="id">509</param>
			</include>
		</control>
	</include>
</includes>