<?xml version="1.0" encoding="UTF-8"?>
<includes>
	<include name="View53InfoList1">
		<!-- Floor -->
		<include content="Floor">
			<param name="visible">Skin.HasSetting(View53HideFloor) + Control.IsVisible(53)</param>
			<param name="highlight">FloorHighlightRight</param>
		</include>
		<!-- Art/Info -->
		<control type="group">
			<visible>Control.IsVisible(53)</visible>
			<include>AnimationSlidePanel</include>
			<include content="PanelSideBlade">
				<param name="left">1092</param>
				<param name="width">748</param>
				<param name="lefttexture">1092</param>
				<param name="widthtexture">728</param>
				<param name="diffusetexture">diffuse/siderounded20-728x820.png</param>
				<param name="reflect">!Skin.HasSetting(View53HideReflect)</param>
			</include>
			<include content="ViewFanartInfoVideoPreview">
				<param name="id">53</param>
				<param name="width">678</param>
				<param name="height">381</param>
				<param name="diffuse">diffuse/rounded5-678x381.png</param>
				<param name="textboxheight">209</param>
				<param name="textboxfont">Font28_Reg_106</param>
			</include>
		</control>
		<!-- List -->
		<control type="group">
			<visible>Control.IsVisible(53)</visible>
			<include content="AnimationSlideLeftWindow">
				<param name="slide">1017</param>
			</include>
			<include content="AnimationSlideLeftVisible">
				<param name="slide">1017</param>
			</include>
			<include content="PanelDefault">
				<param name="right">808</param>
				<param name="righttexture">828</param>
				<param name="diffusetexture">diffuse/rounded20-992x880.png</param>
				<param name="reflect">!Skin.HasSetting(View53HideReflect)</param>
			</include>
			<control type="list" id="53">
				<top>141</top>
				<left>100</left>
				<width>992</width>
				<height>800</height>
				<onleft>9050</onleft>
				<onright>6053</onright>
				<pagecontrol>6053</pagecontrol>
				<include>ContainerScrollTime</include>
				<viewtype label="$LOCALIZE[31219]">list</viewtype>
				<preloaditems>2</preloaditems>
				<include condition="!Window.IsVisible(MyPlaylist.xml)" content="ViewContainerList">
					<param name="id">53</param>
					<param name="biglistvisible">Skin.HasSetting(View53BigList)</param>
				</include>
				<include condition="Window.IsVisible(MyPlaylist.xml)" content="ViewContainerPlaylist">
					<param name="id">53</param>
					<param name="biglistvisible">Skin.HasSetting(View53BigList)</param>
				</include>
			</control>
			<control type="scrollbar" id="6053">
				<top>140</top>
				<left>1072</left>
				<bottom>140</bottom>
				<onleft>53</onleft>
				<onright>60531</onright>
			</control>
		</control>
		<!-- Media flags -->
		<control type="group">
			<visible>Control.IsVisible(53)</visible>
			<include content="AnimationSlideBottomWindow">
				<param name="slide">220</param>
			</include>
			<include condition="Window.IsVisible(MyVideoNav.xml)">MediaFlagsTVShows</include>
			<include condition="Window.IsVisible(MyVideoNav.xml) | Window.IsVisible(videoplaylist)">MediaFlagsVideos5</include>
			<include condition="Window.IsVisible(MyMusicNav.xml) | Window.IsVisible(musicplaylist)">MediaFlagsAudio</include>
		</control>
	</include>
</includes>