<?xml version="1.0" encoding="utf-8"?>
<includes>
	<include name="View51SimpleList">
		<!-- Floor -->
		<include content="Floor">
			<param name="visible">Skin.HasSetting(View50HideFloor) + Control.IsVisible(51)</param>
			<param name="highlight">FloorHighlightRight</param>
		</include>
		<!-- List -->
		<control type="group">
			<visible>Control.IsVisible(51)</visible>
			<include>AnimationZoomWindow</include>
			<include>AnimationZoomVisible</include>
			<include content="PanelDefault">
				<param name="reflect">!Skin.HasSetting(View51HideReflect)</param>
			</include>
			<control type="list" id="51">
				<top>141</top>
				<left>100</left>
				<width>1720</width>
				<height>800</height>
				<onleft>9050</onleft>
				<onright>6051</onright>
				<pagecontrol>6051</pagecontrol>
				<include>ContainerScrollTime</include>
				<viewtype label="$LOCALIZE[31215]">list</viewtype>
				<include condition="!Window.IsVisible(MyPlaylist.xml)" content="ViewContainerList2">
					<param name="id">51</param>
					<param name="biglistvisible">Skin.HasSetting(View51BigList)</param>
				</include>
				<include condition="Window.IsVisible(MyPlaylist.xml)" content="ViewContainerPlaylist">
					<param name="id">51</param>
					<param name="biglistvisible">Skin.HasSetting(View51BigList)</param>
				</include>
			</control>
			<control type="scrollbar" id="6051">
				<top>140</top>
				<right>80</right>
				<bottom>140</bottom>
				<onleft>51</onleft>
				<onright condition="Control.IsVisible(61300)">61300</onright>
			</control>
		</control>
		<!-- Media flags -->
		<control type="group">
			<visible>Control.IsVisible(51)</visible>
			<include content="AnimationSlideBottomWindow">
				<param name="slide">220</param>
			</include>
			<include condition="Window.IsVisible(MyVideoNav.xml)" content="MediaFlagsTVShows">
				<param name="bottom">10</param>
			</include>
			<include condition="Window.IsVisible(MyVideoNav.xml) | Window.IsVisible(videoplaylist)" content="MediaFlagsVideos8">
				<param name="bottom">10</param>
			</include>
			<include condition="Window.IsVisible(MyMusicNav.xml) | Window.IsVisible(musicplaylist)" content="MediaFlagsAudio">
				<param name="bottom">10</param>
			</include>
		</control>
	</include>
</includes>