<?xml version="1.0" encoding="utf-8"?>
<includes>
	<include name="View508Showcase">
		<!-- Info panel -->
		<control type="group">
			<visible>Control.IsVisible(508)</visible>
			<include content="ViewCoverFlowInfoPanel">
				<param name="id">508</param>
			</include>
		</control>
		<!-- Floor -->
		<include content="Floor">
			<param name="visible">Skin.HasSetting(View508HideFloor) + Control.IsVisible(508)</param>
			<param name="highlight">FloorHighlightMiddle</param>
		</include>
		<!-- Panel -->
		<control type="group">
			<visible>Control.IsVisible(508)</visible>
			<animation effect="slide" end="0,30" condition="Container.Content(genres) + [System.HasAddon(resource.images.moviegenreicons.filmstrip-hd.colour) | System.HasAddon(resource.images.moviegenreicons.filmstrip-hd.colour)]">conditional</animation>
			<include content="AnimationSlideBottomWindow">
				<param name="slide">525</param>
			</include>
			<include content="AnimationSlideBottomVisible">
				<param name="slide">525</param>
			</include>
			<top>565</top>
			<left>32</left>
			<width>1920</width>
			<camera x="960" y="793"/>
			<!-- Portrait - On next -->
			<control type="group" id="5801">
				<visible>Container(508).OnNext</visible>
				<animation effect="slide" end="-140,0" time="300" reversible="false">Hidden</animation>
				<control type="group">
					<visible>Container.OnNext</visible>
					<animation effect="fade" start="100" end="0" time="70" reversible="false">Hidden</animation>
					<animation effect="rotatey" center="-140" end="-55" condition="true">Conditional</animation>
					<include content="ShowCaseItemPortrait">
						<param name="item">-7</param>
						<param name="left">20</param>
					</include>
				</control>
				<control type="group">
					<animation effect="rotatey" center="0" end="-55" condition="true">Conditional</animation>
					<include content="ShowCaseItemPortrait">
						<param name="item">-6</param>
						<param name="left">160</param>
					</include>
				</control>
				<control type="group">
					<animation effect="rotatey" center="140" end="-55" condition="true">Conditional</animation>
					<include content="ShowCaseItemPortrait">
						<param name="item">-5</param>
						<param name="left">300</param>
					</include>
				</control>
				<control type="group">
					<animation effect="rotatey" center="280" end="-55" condition="true">Conditional</animation>
					<include content="ShowCaseItemPortrait">
						<param name="item">-4</param>
						<param name="left">440</param>
					</include>
				</control>
				<control type="group">
					<animation effect="rotatey" center="420" end="-55" condition="true">Conditional</animation>
					<include content="ShowCaseItemPortrait">
						<param name="item">-3</param>
						<param name="left">580</param>
					</include>
				</control>
				<control type="group">
					<animation effect="rotatey" center="560" end="-55" condition="true">Conditional</animation>
					<include content="ShowCaseItemPortrait">
						<param name="item">-2</param>
						<param name="left">720</param>
					</include>
				</control>
				<control type="group">
					<visible>!Container.OnNext</visible>
					<animation effect="fade" end="100" delay="100" time="300" reversible="false">Visible</animation>
					<animation effect="rotatey" center="2130" end="55" condition="true">Conditional</animation>
					<include content="ShowCaseItemPortrait">
						<param name="item">6</param>
						<param name="left">1706</param>
					</include>
				</control>
				<control type="group">
					<animation effect="rotatey" center="1990" end="55" condition="true">Conditional</animation>
					<include content="ShowCaseItemPortrait">
						<param name="item">5</param>
						<param name="left">1566</param>
					</include>
				</control>
				<control type="group">
					<animation effect="rotatey" center="1850" end="55" condition="true">Conditional</animation>
					<include content="ShowCaseItemPortrait">
						<param name="item">4</param>
						<param name="left">1426</param>
					</include>
				</control>
				<control type="group">
					<animation effect="rotatey" center="1710" end="55" condition="true">Conditional</animation>
					<include content="ShowCaseItemPortrait">
						<param name="item">3</param>
						<param name="left">1286</param>
					</include>
				</control>
				<control type="group">
					<animation effect="rotatey" center="1570" end="55" condition="true">Conditional</animation>
					<include content="ShowCaseItemPortrait">
						<param name="item">2</param>
						<param name="left">1146</param>
					</include>
				</control>
				<control type="group">
					<animation effect="rotatey" center="1430" end="55" condition="true">Conditional</animation>
					<include content="ShowCaseItemPortrait">
						<param name="item">1</param>
						<param name="left">1006</param>
					</include>
				</control>
			</control>
			<control type="group">
				<visible>Container.OnNext</visible>
				<animation effect="slide" end="-70,0" time="300" reversible="false">Hidden</animation>
				<control type="group">
					<visible>Container.OnNext</visible>
					<animation effect="rotatey" center="1290" end="-55" time="300" reversible="false" tween="quadratic" easing="in">Hidden</animation>
					<animation effect="rotatey" center="1290" end="55" condition="true">Conditional</animation>
					<include content="ShowCaseItemPortrait">
						<param name="item">0</param>
						<param name="left">866</param>
					</include>
				</control>
				<control type="group">
					<visible>Container.OnNext</visible>
					<animation effect="rotatey" center="630" end="-55" time="300" reversible="false" tween="quadratic">Hidden</animation>
					<include content="ShowCaseItemPortrait">
						<param name="item">-1</param>
						<param name="left">793</param>
					</include>
				</control>
			</control>
			<!-- Portrait - On previous -->
			<control type="group" id="5802">
				<visible>Container(508).OnPrevious</visible>
				<animation effect="slide" end="140,0" time="300" reversible="false">Hidden</animation>
				<control type="group">
					<visible>Container.OnPrevious</visible>
					<animation effect="fade" start="100" end="0" time="70" reversible="false">Hidden</animation>
					<animation effect="rotatey" center="1990" end="55" condition="true">Conditional</animation>
					<include content="ShowCaseItemPortrait">
						<param name="item">7</param>
						<param name="left">1566</param>
					</include>
				</control>
				<control type="group">
					<animation effect="rotatey" center="1850" end="55" condition="true">Conditional</animation>
					<include content="ShowCaseItemPortrait">
						<param name="item">6</param>
						<param name="left">1426</param>
					</include>
				</control>
				<control type="group">
					<animation effect="rotatey" center="1710" end="55" condition="true">Conditional</animation>
					<include content="ShowCaseItemPortrait">
						<param name="item">5</param>
						<param name="left">1286</param>
					</include>
				</control>
				<control type="group">
					<animation effect="rotatey" center="1570" end="55" condition="true">Conditional</animation>
					<include content="ShowCaseItemPortrait">
						<param name="item">4</param>
						<param name="left">1146</param>
					</include>
				</control>
				<control type="group">
					<animation effect="rotatey" center="1430" end="55" condition="true">Conditional</animation>
					<include content="ShowCaseItemPortrait">
						<param name="item">3</param>
						<param name="left">1006</param>
					</include>
				</control>
				<control type="group">
					<animation effect="rotatey" center="1290" end="55" condition="true">Conditional</animation>
					<include content="ShowCaseItemPortrait">
						<param name="item">2</param>
						<param name="left">866</param>
					</include>
				</control>
				<control type="group">
					<visible>!Container.OnPrevious</visible>
					<animation effect="fade" end="100" delay="100" time="300" reversible="false">Visible</animation>
					<animation effect="rotatey" center="-280" end="-55" condition="true">Conditional</animation>
					<include content="ShowCaseItemPortrait">
						<param name="item">-6</param>
						<param name="left">-120</param>
					</include>
				</control>
				<control type="group">
					<animation effect="rotatey" center="-140" end="-55" condition="true">Conditional</animation>
					<include content="ShowCaseItemPortrait">
						<param name="item">-5</param>
						<param name="left">20</param>
					</include>
				</control>
				<control type="group">
					<animation effect="rotatey" center="0" end="-55" condition="true">Conditional</animation>
					<include content="ShowCaseItemPortrait">
						<param name="item">-4</param>
						<param name="left">160</param>
					</include>
				</control>
				<control type="group">
					<animation effect="rotatey" center="140" end="-55" condition="true">Conditional</animation>
					<include content="ShowCaseItemPortrait">
						<param name="item">-3</param>
						<param name="left">300</param>
					</include>
				</control>
				<control type="group">
					<animation effect="rotatey" center="280" end="-55" condition="true">Conditional</animation>
					<include content="ShowCaseItemPortrait">
						<param name="item">-2</param>
						<param name="left">440</param>
					</include>
				</control>
				<control type="group">
					<animation effect="rotatey" center="420" end="-55" condition="true">Conditional</animation>
					<include content="ShowCaseItemPortrait">
						<param name="item">-1</param>
						<param name="left">580</param>
					</include>
				</control>
			</control>
			<control type="group">
				<visible>Container.OnPrevious</visible>
				<animation effect="slide" end="70,0" time="300" reversible="false">Hidden</animation>
				<control type="group">
					<visible>Container.OnPrevious</visible>
					<animation effect="rotatey" center="560" end="55" time="300" reversible="false" tween="quadratic" easing="in">Hidden</animation>
					<animation effect="rotatey" center="560" end="-55" condition="true">Conditional</animation>
					<include content="ShowCaseItemPortrait">
						<param name="item">0</param>
						<param name="left">720</param>
					</include>
				</control>
				<control type="group">
					<visible>Container.OnPrevious</visible>
					<animation effect="rotatey" center="1220" end="55" time="300" reversible="false" tween="quadratic">Hidden</animation>
					<include content="ShowCaseItemPortrait">
						<param name="item">1</param>
						<param name="left">793</param>
					</include>
				</control>
			</control>
			<!-- Portrait - Static content -->
			<control type="group" id="5803">
				<visible>!Control.IsVisible(5801) + !Control.IsVisible(5802)</visible>
				<control type="group">
					<animation effect="rotatey" center="-140" end="-55" condition="true">Conditional</animation>
					<include content="ShowCaseItemPortrait">
						<param name="item">-6</param>
						<param name="left">20</param>
					</include>
				</control>
				<control type="group">
					<animation effect="rotatey" center="0" end="-55" condition="true">Conditional</animation>
					<include content="ShowCaseItemPortrait">
						<param name="item">-5</param>
						<param name="left">160</param>
					</include>
				</control>
				<control type="group">
					<animation effect="rotatey" center="140" end="-55" condition="true">Conditional</animation>
					<include content="ShowCaseItemPortrait">
						<param name="item">-4</param>
						<param name="left">300</param>
					</include>
				</control>
				<control type="group">
					<animation effect="rotatey" center="280" end="-55" condition="true">Conditional</animation>
					<include content="ShowCaseItemPortrait">
						<param name="item">-3</param>
						<param name="left">440</param>
					</include>
				</control>
				<control type="group">
					<animation effect="rotatey" center="420" end="-55" condition="true">Conditional</animation>
					<include content="ShowCaseItemPortrait">
						<param name="item">-2</param>
						<param name="left">580</param>
					</include>
				</control>
				<control type="group">
					<animation effect="rotatey" center="560" end="-55" condition="true">Conditional</animation>
					<include content="ShowCaseItemPortrait">
						<param name="item">-1</param>
						<param name="left">720</param>
					</include>
				</control>
				<control type="group">
					<animation effect="rotatey" center="1990" end="55" condition="true">Conditional</animation>
					<include content="ShowCaseItemPortrait">
						<param name="item">6</param>
						<param name="left">1566</param>
					</include>
				</control>
				<control type="group">
					<animation effect="rotatey" center="1850" end="55" condition="true">Conditional</animation>
					<include content="ShowCaseItemPortrait">
						<param name="item">5</param>
						<param name="left">1426</param>
					</include>
				</control>
				<control type="group">
					<animation effect="rotatey" center="1710" end="55" condition="true">Conditional</animation>
					<include content="ShowCaseItemPortrait">
						<param name="item">4</param>
						<param name="left">1286</param>
					</include>
				</control>
				<control type="group">
					<animation effect="rotatey" center="1570" end="55" condition="true">Conditional</animation>
					<include content="ShowCaseItemPortrait">
						<param name="item">3</param>
						<param name="left">1146</param>
					</include>
				</control>
				<control type="group">
					<animation effect="rotatey" center="1430" end="55" condition="true">Conditional</animation>
					<include content="ShowCaseItemPortrait">
						<param name="item">2</param>
						<param name="left">1006</param>
					</include>
				</control>
				<control type="group">
					<animation effect="rotatey" center="1290" end="55" condition="true">Conditional</animation>
					<include content="ShowCaseItemPortrait">
						<param name="item">1</param>
						<param name="left">866</param>
					</include>
				</control>
				<control type="group">
					<visible>Skin.HasSetting(View508OpenCase) + String.IsEqual(ListItem.DBTYPE,movie)</visible>
					<left>793</left>
					<width>270</width>
					<height>396</height>
					<control type="image">
						<texture border="20">$VAR[ShowCaseBackVar]</texture>
					</control>
					<control type="image">
						<visible>!Skin.HasSetting(View508HideReflect) + Control.IsVisible(1970)</visible>
						<animation type="Conditional" condition="Control.IsVisible(1970)" reversible="false">
							<effect type="fade" end="100" delay="0" time="1000"/>
							<effect type="fade" start="100" end="0" delay="4000" time="1000"/>
						</animation>
						<top>381</top>
						<height>396</height>
						<texture flipy="true" diffuse="thumbs/reflect.png" border="20">$VAR[ShowCaseBackVar]</texture>
					</control>
					<control type="image">
						<animation type="Conditional" condition="Control.IsVisible(1970)" reversible="false">
							<effect type="slide" start="1200" end="0" delay="0" time="1500" tween="quadratic" easing="out"/>
							<effect type="rotate" start="-600" center="auto" end="0" delay="0" time="1500" tween="quadratic" easing="out"/>
						</animation>
						<top>82</top>
						<left>18</left>
						<width>230</width>
						<height>230</height>
						<texture background="true">$VAR[LibraryVideoDiscArtVar]</texture>
					</control>
				</control>
				<control type="group">
					<animation type="Conditional" reversible="false" condition="Control.IsVisible(1970)">
						<effect type="rotatey" center="793" start="0" end="70" time="1500" tween="quadratic" easing="out"/>
						<effect type="rotatey" delay="3500" center="793" start="0" end="-70" time="1500" tween="quadratic" easing="out"/>
					</animation>
					<animation effect="rotatey" center="793" end="0.1" condition="true">Conditional</animation>
					<include content="ShowCaseItemPortrait">
						<param name="item">0</param>
						<param name="left">793</param>
					</include>
				</control>
			</control>
			<!-- Hidden object for open case -->
			<control type="label" id="1970">
				<visible>Skin.HasSetting(View508VideoCase) + Skin.HasSetting(View508OpenCase) + String.IsEqual(ListItem.DBTYPE,movie) + [!String.IsEmpty(ListItem.Art(discart)) | !String.IsEqual(Skin.String(LibraryVideoDiscArtFallback),none)]</visible>
				<include>HiddenObject</include>
				<visible>!Container.OnNext + !Container.OnPrevious</visible>
				<animation effect="fade" end="100" time="120" delay="1000">Visible</animation>
				<animation effect="fade" end="100" time="120" delay="1000">WindowOpen</animation>
			</control>
			<!-- Container -->
			<control type="fixedlist" id="508">
				<top>0</top>
				<left>100</left>
				<width>1820</width>
				<height>396</height>
				<onup condition="!Skin.String(View508InfoDelay,manual) | ListItem.IsParentFolder | String.Startswith(ListItem.Label,*)">9050</onup>
				<onup condition="Skin.String(View508InfoDelay,manual) + !ListItem.IsParentFolder + !String.Startswith(ListItem.Label,*)">9999</onup>
				<ondown>60508</ondown>
				<pagecontrol>60508</pagecontrol>
				<orientation>horizontal</orientation>
				<viewtype label="$LOCALIZE[31230]">icon</viewtype>
				<focusposition>6</focusposition>
				<preloaditems>2</preloaditems>
				<itemlayout width="140" height="396"/>
				<focusedlayout width="140" height="396"/>
			</control>
		</control>
		<!-- Bottom info/Media flags -->
		<control type="group">
			<visible>Control.IsVisible(508)</visible>
			<include content="AnimationSlideBottomWindow">
				<param name="slide">220</param>
			</include>
			<include content="ViewCoverFlowBottomInfo">
				<param name="logovisible">View508Logo</param>
			</include>
			<include condition="Window.IsVisible(MyVideoNav.xml)">MediaFlagsPanelVideos</include>
			<include content="ViewCoverFlowScrollBar">
				<param name="id">508</param>
			</include>
		</control>
	</include>
</includes>