<?xml version="1.0" encoding="utf-8"?>
<includes>
	<include name="View563Panel">
		<!-- Floor -->
		<include content="Floor">
			<param name="visible">Skin.HasSetting(View56HideFloor) + Control.IsVisible(56)</param>
			<param name="highlight">FloorHighlightRight</param>
		</include>
		<!-- Info -->
		<control type="group">
			<visible>Control.IsVisible(56)</visible>
			<include>AnimationSlidePanel</include>
			<include content="PanelSideBlade">
				<param name="top">140</param>
				<param name="height">800</param>
				<param name="left">1378</param>
				<param name="width">462</param>
				<param name="toptexture">160</param>
				<param name="heighttexture">760</param>
				<param name="lefttexture">1378</param>
				<param name="widthtexture">442</param>
				<param name="reflecttop">905</param>
				<param name="diffusetexture">diffuse/siderounded20-442x760.png</param>
				<param name="reflect">!Skin.HasSetting(View56HideReflect)</param>
			</include>
			<control type="grouplist">
				<top>220</top>
				<right>125</right>
				<width>392</width>
				<height>635</height>
				<include>View3PanelListInfo</include>
				<control type="textbox">
					<visible>![String.IsEqual(ListItem.DBTYPE,set) | Container.Content(seasons)]</visible>
					<top>-2</top>
					<height>478</height>
					<align>left</align>
					<font>Font28_Reg_105</font>
					<label>$VAR[ViewPlotVar]</label>
					<pagecontrol>60561</pagecontrol>
					<include>AutoScrollPlot</include>
				</control>
				<control type="textbox">
					<visible>String.IsEqual(ListItem.DBTYPE,set)</visible>
					<top>-2</top>
					<height>517</height>
					<align>left</align>
					<font>Font28_Reg_105</font>
					<label>$VAR[ViewPlotVar]</label>
					<pagecontrol>60562</pagecontrol>
					<include>AutoScrollPlot</include>
				</control>
				<control type="textbox">
					<visible>Container.Content(seasons)</visible>
					<top>-2</top>
					<height>555</height>
					<align>left</align>
					<font>Font28_Reg_105</font>
					<label>$VAR[ViewPlotVar]</label>
					<pagecontrol>60563</pagecontrol>
					<include>AutoScrollPlot</include>
				</control>
			</control>
			<control type="scrollbar" id="60561">
				<visible>![String.IsEqual(ListItem.DBTYPE,set) | Container.Content(seasons)]</visible>
				<right>80</right>
				<top>377</top>
				<bottom>188</bottom>
				<onleft>6056</onleft>
				<onright condition="Control.IsVisible(61300)">61300</onright>
			</control>
			<control type="scrollbar" id="60562">
				<visible>String.IsEqual(ListItem.DBTYPE,set)</visible>
				<right>80</right>
				<top>338</top>
				<bottom>188</bottom>
				<onleft>6056</onleft>
				<onright condition="Control.IsVisible(61300)">61300</onright>
			</control>
			<control type="scrollbar" id="60563">
				<visible>Container.Content(seasons)</visible>
				<right>80</right>
				<top>300</top>
				<bottom>188</bottom>
				<onleft>6056</onleft>
				<onright condition="Control.IsVisible(61300)">61300</onright>
			</control>
		</control>
		<!-- Art -->
		<control type="group">
			<visible>Control.IsVisible(56)</visible>
			<include>AnimationSlidePanel</include>
			<control type="group">
				<top>120</top>
				<left>821</left>
				<bottom>120</bottom>
				<width>567</width>
				<control type="group">
					<visible>!Skin.HasSetting(View56VideoCase)</visible>
					<control type="group">
						<visible>!Skin.HasSetting(View56HideReflect)</visible>
						<top>805</top>
						<height>820</height>
						<include>ViewArtworkReflect</include>
					</control>
					<include content="ViewArtwork">
						<param name="diffuse">diffuse/rounded5-547x820.png</param>
					</include>
				</control>
				<control type="group">
					<visible>Skin.HasSetting(View56VideoCase)</visible>
					<control type="group">
						<visible>!Skin.HasSetting(View56HideReflect)</visible>
						<top>825</top>
						<height>820</height>
						<include>ViewArtworkVideoCaseReflect</include>
					</control>
					<include>ViewArtworkVideoCase</include>
				</control>
			</control>
		</control>
		<!-- List -->
		<include condition="!Skin.HasSetting(View56BannerList) | Container.Content(episodes)">View56List</include>
		<include content="View56List" condition="Skin.HasSetting(View56BannerList) + !Container.Content(episodes)">
			<param name="left">110</param>
			<param name="top">150</param>
			<param name="height">780</param>
			<param name="content">ViewContainerBannerList</param>
		</include>
		<!-- Media flags -->
		<control type="group">
			<visible>Control.IsVisible(56)</visible>
			<include content="AnimationSlideBottomWindow">
				<param name="slide">220</param>
			</include>
			<include condition="Window.IsVisible(MyVideoNav.xml)">MediaFlagsTVShows</include>
			<include condition="Window.IsVisible(MyVideoNav.xml)">MediaFlagsVideos7</include>
		</control>
	</include>
	<!-- Includes panel -->
	<include name="View56List">
		<param name="left">100</param>
		<param name="top">140</param>
		<param name="height">800</param>
		<param name="content">ViewContainerList</param>
		<definition>
			<control type="group">
				<visible>Control.IsVisible(56)</visible>
				<include content="AnimationSlideLeftWindow">
					<param name="slide">1017</param>
				</include>
				<include content="AnimationSlideLeftVisible">
					<param name="slide">1017</param>
				</include>
				<include content="PanelDefault">
					<param name="right">1068</param>
					<param name="righttexture">1088</param>
					<param name="diffusetexture">diffuse/rounded20-732x880.png</param>
					<param name="reflect">!Skin.HasSetting(View56HideReflect)</param>
				</include>
				<control type="list" id="56">
					<left>$PARAM[left]</left>
					<top>$PARAM[top]</top>
					<width>732</width>
					<height>$PARAM[height]</height>
					<onleft>9050</onleft>
					<onright>6056</onright>
					<pagecontrol>6056</pagecontrol>
					<include>ContainerScrollTime</include>
					<viewtype label="$LOCALIZE[31225]">list</viewtype>
					<include content="$PARAM[content]">
						<param name="id">56</param>
						<param name="biglistvisible">Skin.HasSetting(View56BigList)</param>
					</include>
				</control>
				<control type="scrollbar" id="6056">
					<left>812</left>
					<top>140</top>
					<bottom>140</bottom>
					<onleft>56</onleft>
					<onright condition="![String.IsEqual(ListItem.DBTYPE,set) | Container.Content(seasons)]">60561</onright>
					<onright condition="String.IsEqual(ListItem.DBTYPE,set)">60562</onright>
					<onright condition="Container.Content(seasons)">60563</onright>
				</control>
			</control>
		</definition>
	</include>
</includes>